destination,record_file,field,value,confidence_score_0_100,source_urls,evidence_notes,checked_at
Alcalá del Júcar,alcala-del-jucar.md,accessibility,Unknown — not established by the public sources reviewed; no inference made,0,https://www.turismocastillalamancha.es/es/cultura-y-patrimonio/castillos/albacete/castillo-de-alcal--del-j-car,Sources listed were reviewed for this destination but do not establish this field; value remains unknown. The shared Google Maps collection URL is not a place-specific listing and is not evidence for this field.,2026-10-04
Alcalá del Júcar,alcala-del-jucar.md,wheelchair_friendly,Unknown — not established by the public sources reviewed; no inference made,0,https://www.turismocastillalamancha.es/es/cultura-y-patrimonio/castillos/albacete/castillo-de-alcal--del-j-car,Sources listed were reviewed for this destination but do not establish this field; value remains unknown. The shared Google Maps collection URL is not a place-specific listing and is not evidence for this field.,2026-10-04
Alcalá del Júcar,alcala-del-jucar.md,stroller_friendly,Unknown — not established by the public sources reviewed; no inference made,0,https://www.turismocastillalamancha.es/es/cultura-y-patrimonio/castillos/albacete/castillo-de-alcal--del-j-car,Sources listed were reviewed for this destination but do not establish this field; value remains unknown. The shared Google Maps collection URL is not a place-specific listing and is not evidence for this field.,2026-10-04
Alcalá del Júcar,alcala-del-jucar.md,toilets_available,Unknown — not established by the public sources reviewed; no inference made,0,https://www.turismocastillalamancha.es/es/cultura-y-patrimonio/castillos/albacete/castillo-de-alcal--del-j-car,Sources listed were reviewed for this destination but do not establish this field; value remains unknown. The shared Google Maps collection URL is not a place-specific listing and is not evidence for this field.,2026-10-04
Alcalá del Júcar,alcala-del-jucar.md,food_available,Unknown — not established by the public sources reviewed; no inference made,0,https://www.turismocastillalamancha.es/es/cultura-y-patrimonio/castillos/albacete/castillo-de-alcal--del-j-car,Sources listed were reviewed for this destination but do not establish this field; value remains unknown. The shared Google Maps collection URL is not a place-specific listing and is not evidence for this field.,2026-10-04
Alcalá del Júcar,alcala-del-jucar.md,shade_available,Unknown — not established by the public sources reviewed; no inference made,0,https://www.turismocastillalamancha.es/es/cultura-y-patrimonio/castillos/albacete/castillo-de-alcal--del-j-car,Sources listed were reviewed for this destination but do not establish this field; value remains unknown. The shared Google Maps collection URL is not a place-specific listing and is not evidence for this field.,2026-10-04
Alcalá del Júcar,alcala-del-jucar.md,parking_summary,Unknown — not established by the public sources reviewed; no inference made,0,https://www.turismocastillalamancha.es/es/cultura-y-patrimonio/castillos/albacete/castillo-de-alcal--del-j-car,Sources listed were reviewed for this destination but do not establish this field; value remains unknown. The shared Google Maps collection URL is not a place-specific listing and is not evidence for this field.,2026-10-04
Alcalá del Júcar,alcala-del-jucar.md,typical_duration,30–45 minutes for the castle only; town visit not timed,85,https://www.turismocastillalamancha.es/es/cultura-y-patrimonio/castillos/albacete/castillo-de-alcal--del-j-car,Research snapshot; volatile facts should be rechecked before guest-facing use.,2026-10-04
Alcalá del Júcar,alcala-del-jucar.md,family_suitability,Unknown — not established by the public sources reviewed; no inference made,0,https://www.turismocastillalamancha.es/es/cultura-y-patrimonio/castillos/albacete/castillo-de-alcal--del-j-car,Sources listed were reviewed for this destination but do not establish this field; value remains unknown. The shared Google Maps collection URL is not a place-specific listing and is not evidence for this field.,2026-10-04
Alcalá del Júcar,alcala-del-jucar.md,weather_sensitivity,Unknown — not established by the public sources reviewed; no inference made,0,https://www.turismocastillalamancha.es/es/cultura-y-patrimonio/castillos/albacete/castillo-de-alcal--del-j-car,Sources listed were reviewed for this destination but do not establish this field; value remains unknown. The shared Google Maps collection URL is not a place-specific listing and is not evidence for this field.,2026-10-04
Alcalá del Júcar,alcala-del-jucar.md,booking_requirements,Official visitor site offers online tickets; advance booking requirement not stated,70,https://www.turismocastillalamancha.es/es/cultura-y-patrimonio/castillos/albacete/castillo-de-alcal--del-j-car,Research snapshot; volatile facts should be rechecked before guest-facing use.,2026-10-04
Alcalá del Júcar,alcala-del-jucar.md,activity_tags,Historic town; Viewpoint; castle and cave house visit,75,https://www.turismocastillalamancha.es/es/cultura-y-patrimonio/castillos/albacete/castillo-de-alcal--del-j-car,Research snapshot; volatile facts should be rechecked before guest-facing use.,2026-10-04
Alcázar de Segovia,alcazar-de-segovia.md,accessibility,"Limited: access includes steep ramps (15.8%, 17%, 24%) and stairs; tower access involves 150 steps. Mobility assistance/accessible route details should be confirmed.",95,https://www.turismodesegovia.com/es/turismo-accesible/monumentos/real-alcazar-de-segovia,Research snapshot; volatile facts should be rechecked before guest-facing use.,2026-10-04
Alcázar de Segovia,alcazar-de-segovia.md,wheelchair_friendly,Unknown — not established by the public sources reviewed; no inference made,0,https://www.turismodesegovia.com/es/turismo-accesible/monumentos/real-alcazar-de-segovia,Sources listed were reviewed for this destination but do not establish this field; value remains unknown. The shared Google Maps collection URL is not a place-specific listing and is not evidence for this field.,2026-10-04
Alcázar de Segovia,alcazar-de-segovia.md,stroller_friendly,Unknown — not established by the public sources reviewed; no inference made,0,https://www.turismodesegovia.com/es/turismo-accesible/monumentos/real-alcazar-de-segovia,Sources listed were reviewed for this destination but do not establish this field; value remains unknown. The shared Google Maps collection URL is not a place-specific listing and is not evidence for this field.,2026-10-04
Alcázar de Segovia,alcazar-de-segovia.md,toilets_available,Unknown — not established by the public sources reviewed; no inference made,0,https://www.turismodesegovia.com/es/turismo-accesible/monumentos/real-alcazar-de-segovia,Sources listed were reviewed for this destination but do not establish this field; value remains unknown. The shared Google Maps collection URL is not a place-specific listing and is not evidence for this field.,2026-10-04
Alcázar de Segovia,alcazar-de-segovia.md,food_available,Unknown — not established by the public sources reviewed; no inference made,0,https://www.turismodesegovia.com/es/turismo-accesible/monumentos/real-alcazar-de-segovia,Sources listed were reviewed for this destination but do not establish this field; value remains unknown. The shared Google Maps collection URL is not a place-specific listing and is not evidence for this field.,2026-10-04
Alcázar de Segovia,alcazar-de-segovia.md,shade_available,Unknown — not established by the public sources reviewed; no inference made,0,https://www.turismodesegovia.com/es/turismo-accesible/monumentos/real-alcazar-de-segovia,Sources listed were reviewed for this destination but do not establish this field; value remains unknown. The shared Google Maps collection URL is not a place-specific listing and is not evidence for this field.,2026-10-04
Alcázar de Segovia,alcazar-de-segovia.md,parking_summary,Unknown — not established by the public sources reviewed; no inference made,0,https://www.turismodesegovia.com/es/turismo-accesible/monumentos/real-alcazar-de-segovia,Sources listed were reviewed for this destination but do not establish this field; value remains unknown. The shared Google Maps collection URL is not a place-specific listing and is not evidence for this field.,2026-10-04
Alcázar de Segovia,alcazar-de-segovia.md,typical_duration,Unknown; official accessibility page does not establish visit duration,0,https://www.turismodesegovia.com/es/turismo-accesible/monumentos/real-alcazar-de-segovia,Sources listed were reviewed for this destination but do not establish this field; value remains unknown. The shared Google Maps collection URL is not a place-specific listing and is not evidence for this field.,2026-10-04
Alcázar de Segovia,alcazar-de-segovia.md,family_suitability,children: medium; teenagers: high; adults: high; seniors: low (stairs/steep ramps materially constrain mobility),65,https://www.turismodesegovia.com/es/turismo-accesible/monumentos/real-alcazar-de-segovia,Research snapshot; volatile facts should be rechecked before guest-facing use.,2026-10-04
Alcázar de Segovia,alcazar-de-segovia.md,weather_sensitivity,Unknown — not established by the public sources reviewed; no inference made,0,https://www.turismodesegovia.com/es/turismo-accesible/monumentos/real-alcazar-de-segovia,Sources listed were reviewed for this destination but do not establish this field; value remains unknown. The shared Google Maps collection URL is not a place-specific listing and is not evidence for this field.,2026-10-04
Alcázar de Segovia,alcazar-de-segovia.md,booking_requirements,Unknown — not established by the public sources reviewed; no inference made,0,https://www.turismodesegovia.com/es/turismo-accesible/monumentos/real-alcazar-de-segovia,Sources listed were reviewed for this destination but do not establish this field; value remains unknown. The shared Google Maps collection URL is not a place-specific listing and is not evidence for this field.,2026-10-04
Alcázar de Segovia,alcazar-de-segovia.md,activity_tags,"Provisional existing record tags: Museum, Viewpoint; not independently verified",35,docs/places/alcazar-de-segovia.md; https://maps.app.goo.gl/4cZJ8eRQH47aHH146,"Copied as provisional labels from the existing place record, not treated as verified claims. Confirm identity and controlled tags before use.",2026-10-04
Aracena,aracena.md,accessibility,"Significant access limitations due to cave terrain; accessible parking is identified nearby, but the cave route is not established as wheelchair accessible",85,https://www.aracena.es/es/municipio/gruta/;https://www.juntadeandalucia.es/turismoydeporte/ctrjal/destinosturisticosaccesibles/es/huelva/gruta-de-las-maravillas-y-centro-de-interpretacion,Research snapshot; volatile facts should be rechecked before guest-facing use.,2026-10-04
Aracena,aracena.md,wheelchair_friendly,Unknown — not established by the public sources reviewed; no inference made,0,https://www.aracena.es/es/municipio/gruta/;https://www.juntadeandalucia.es/turismoydeporte/ctrjal/destinosturisticosaccesibles/es/huelva/gruta-de-las-maravillas-y-centro-de-interpretacion,Sources listed were reviewed for this destination but do not establish this field; value remains unknown. The shared Google Maps collection URL is not a place-specific listing and is not evidence for this field.,2026-10-04
Aracena,aracena.md,stroller_friendly,Unknown — not established by the public sources reviewed; no inference made,0,https://www.aracena.es/es/municipio/gruta/;https://www.juntadeandalucia.es/turismoydeporte/ctrjal/destinosturisticosaccesibles/es/huelva/gruta-de-las-maravillas-y-centro-de-interpretacion,Sources listed were reviewed for this destination but do not establish this field; value remains unknown. The shared Google Maps collection URL is not a place-specific listing and is not evidence for this field.,2026-10-04
Aracena,aracena.md,toilets_available,Unknown — not established by the public sources reviewed; no inference made,0,https://www.aracena.es/es/municipio/gruta/;https://www.juntadeandalucia.es/turismoydeporte/ctrjal/destinosturisticosaccesibles/es/huelva/gruta-de-las-maravillas-y-centro-de-interpretacion,Sources listed were reviewed for this destination but do not establish this field; value remains unknown. The shared Google Maps collection URL is not a place-specific listing and is not evidence for this field.,2026-10-04
Aracena,aracena.md,food_available,Unknown — not established by the public sources reviewed; no inference made,0,https://www.aracena.es/es/municipio/gruta/;https://www.juntadeandalucia.es/turismoydeporte/ctrjal/destinosturisticosaccesibles/es/huelva/gruta-de-las-maravillas-y-centro-de-interpretacion,Sources listed were reviewed for this destination but do not establish this field; value remains unknown. The shared Google Maps collection URL is not a place-specific listing and is not evidence for this field.,2026-10-04
Aracena,aracena.md,shade_available,Unknown — not established by the public sources reviewed; no inference made,0,https://www.aracena.es/es/municipio/gruta/;https://www.juntadeandalucia.es/turismoydeporte/ctrjal/destinosturisticosaccesibles/es/huelva/gruta-de-las-maravillas-y-centro-de-interpretacion,Sources listed were reviewed for this destination but do not establish this field; value remains unknown. The shared Google Maps collection URL is not a place-specific listing and is not evidence for this field.,2026-10-04
Aracena,aracena.md,parking_summary,Unknown — not established by the public sources reviewed; no inference made,0,https://www.aracena.es/es/municipio/gruta/;https://www.juntadeandalucia.es/turismoydeporte/ctrjal/destinosturisticosaccesibles/es/huelva/gruta-de-las-maravillas-y-centro-de-interpretacion,Sources listed were reviewed for this destination but do not establish this field; value remains unknown. The shared Google Maps collection URL is not a place-specific listing and is not evidence for this field.,2026-10-04
Aracena,aracena.md,typical_duration,Approximately 45 minutes for the guided Gruta de las Maravillas visit,90,https://www.aracena.es/es/municipio/gruta/;https://www.juntadeandalucia.es/turismoydeporte/ctrjal/destinosturisticosaccesibles/es/huelva/gruta-de-las-maravillas-y-centro-de-interpretacion,Research snapshot; volatile facts should be rechecked before guest-facing use.,2026-10-04
Aracena,aracena.md,family_suitability,"children: medium; teenagers: high; adults: high; seniors: low-to-medium, depending on mobility",60,https://www.aracena.es/es/municipio/gruta/;https://www.juntadeandalucia.es/turismoydeporte/ctrjal/destinosturisticosaccesibles/es/huelva/gruta-de-las-maravillas-y-centro-de-interpretacion,Research snapshot; volatile facts should be rechecked before guest-facing use.,2026-10-04
Aracena,aracena.md,weather_sensitivity,Unknown — not established by the public sources reviewed; no inference made,0,https://www.aracena.es/es/municipio/gruta/;https://www.juntadeandalucia.es/turismoydeporte/ctrjal/destinosturisticosaccesibles/es/huelva/gruta-de-las-maravillas-y-centro-de-interpretacion,Sources listed were reviewed for this destination but do not establish this field; value remains unknown. The shared Google Maps collection URL is not a place-specific listing and is not evidence for this field.,2026-10-04
Aracena,aracena.md,booking_requirements,Advance reservation recommended by municipality; capacity/availability may limit entry,80,https://www.aracena.es/es/municipio/gruta/;https://www.juntadeandalucia.es/turismoydeporte/ctrjal/destinosturisticosaccesibles/es/huelva/gruta-de-las-maravillas-y-centro-de-interpretacion,Research snapshot; volatile facts should be rechecked before guest-facing use.,2026-10-04
Aracena,aracena.md,activity_tags,Provisional existing record tags: Historic town; not independently verified,35,docs/places/aracena.md; https://maps.app.goo.gl/4cZJ8eRQH47aHH146,"Copied as provisional labels from the existing place record, not treated as verified claims. Confirm identity and controlled tags before use.",2026-10-04
Baelo Claudia,baelo-claudia.md,accessibility,Access improvements were being undertaken in 2026; some areas excluded from routes for accessibility/protection reasons. Route-wide wheelchair access not verified.,85,https://www.juntadeandalucia.es/organismos/culturapatrimoniohistoricoydeporte/servicios/actualidad/noticias/detalle/664135.html;https://www.juntadeandalucia.es/organismos/culturapatrimoniohistoricoydeporte/servicios/directorio-instituciones/detalle/2580.html,Research snapshot; volatile facts should be rechecked before guest-facing use.,2026-10-04
Baelo Claudia,baelo-claudia.md,wheelchair_friendly,Unknown — not established by the public sources reviewed; no inference made,0,https://www.juntadeandalucia.es/organismos/culturapatrimoniohistoricoydeporte/servicios/actualidad/noticias/detalle/664135.html;https://www.juntadeandalucia.es/organismos/culturapatrimoniohistoricoydeporte/servicios/directorio-instituciones/detalle/2580.html,Sources listed were reviewed for this destination but do not establish this field; value remains unknown. The shared Google Maps collection URL is not a place-specific listing and is not evidence for this field.,2026-10-04
Baelo Claudia,baelo-claudia.md,stroller_friendly,Unknown — not established by the public sources reviewed; no inference made,0,https://www.juntadeandalucia.es/organismos/culturapatrimoniohistoricoydeporte/servicios/actualidad/noticias/detalle/664135.html;https://www.juntadeandalucia.es/organismos/culturapatrimoniohistoricoydeporte/servicios/directorio-instituciones/detalle/2580.html,Sources listed were reviewed for this destination but do not establish this field; value remains unknown. The shared Google Maps collection URL is not a place-specific listing and is not evidence for this field.,2026-10-04
Baelo Claudia,baelo-claudia.md,toilets_available,Visitor toilet provision undergoing improvement in 2026; a new public toilet area was planned alongside existing indoor toilets. Confirm current opening before relying on it.,85,https://www.juntadeandalucia.es/organismos/culturapatrimoniohistoricoydeporte/servicios/actualidad/noticias/detalle/664135.html;https://www.juntadeandalucia.es/organismos/culturapatrimoniohistoricoydeporte/servicios/directorio-instituciones/detalle/2580.html,Research snapshot; volatile facts should be rechecked before guest-facing use.,2026-10-04
Baelo Claudia,baelo-claudia.md,food_available,Unknown — not established by the public sources reviewed; no inference made,0,https://www.juntadeandalucia.es/organismos/culturapatrimoniohistoricoydeporte/servicios/actualidad/noticias/detalle/664135.html;https://www.juntadeandalucia.es/organismos/culturapatrimoniohistoricoydeporte/servicios/directorio-instituciones/detalle/2580.html,Sources listed were reviewed for this destination but do not establish this field; value remains unknown. The shared Google Maps collection URL is not a place-specific listing and is not evidence for this field.,2026-10-04
Baelo Claudia,baelo-claudia.md,shade_available,Unknown — not established by the public sources reviewed; no inference made,0,https://www.juntadeandalucia.es/organismos/culturapatrimoniohistoricoydeporte/servicios/actualidad/noticias/detalle/664135.html;https://www.juntadeandalucia.es/organismos/culturapatrimoniohistoricoydeporte/servicios/directorio-instituciones/detalle/2580.html,Sources listed were reviewed for this destination but do not establish this field; value remains unknown. The shared Google Maps collection URL is not a place-specific listing and is not evidence for this field.,2026-10-04
Baelo Claudia,baelo-claudia.md,parking_summary,Unknown — not established by the public sources reviewed; no inference made,0,https://www.juntadeandalucia.es/organismos/culturapatrimoniohistoricoydeporte/servicios/actualidad/noticias/detalle/664135.html;https://www.juntadeandalucia.es/organismos/culturapatrimoniohistoricoydeporte/servicios/directorio-instituciones/detalle/2580.html,Sources listed were reviewed for this destination but do not establish this field; value remains unknown. The shared Google Maps collection URL is not a place-specific listing and is not evidence for this field.,2026-10-04
Baelo Claudia,baelo-claudia.md,typical_duration,Unknown — not established by the public sources reviewed; no inference made,0,https://www.juntadeandalucia.es/organismos/culturapatrimoniohistoricoydeporte/servicios/actualidad/noticias/detalle/664135.html;https://www.juntadeandalucia.es/organismos/culturapatrimoniohistoricoydeporte/servicios/directorio-instituciones/detalle/2580.html,Sources listed were reviewed for this destination but do not establish this field; value remains unknown. The shared Google Maps collection URL is not a place-specific listing and is not evidence for this field.,2026-10-04
Baelo Claudia,baelo-claudia.md,family_suitability,Unknown — not established by the public sources reviewed; no inference made,0,https://www.juntadeandalucia.es/organismos/culturapatrimoniohistoricoydeporte/servicios/actualidad/noticias/detalle/664135.html;https://www.juntadeandalucia.es/organismos/culturapatrimoniohistoricoydeporte/servicios/directorio-instituciones/detalle/2580.html,Sources listed were reviewed for this destination but do not establish this field; value remains unknown. The shared Google Maps collection URL is not a place-specific listing and is not evidence for this field.,2026-10-04
Baelo Claudia,baelo-claudia.md,weather_sensitivity,"Outdoor archaeological site; heat/wind/rain exposure likely, but no official weather guidance located",50,https://www.juntadeandalucia.es/organismos/culturapatrimoniohistoricoydeporte/servicios/actualidad/noticias/detalle/664135.html;https://www.juntadeandalucia.es/organismos/culturapatrimoniohistoricoydeporte/servicios/directorio-instituciones/detalle/2580.html,Research snapshot; volatile facts should be rechecked before guest-facing use.,2026-10-04
Baelo Claudia,baelo-claudia.md,booking_requirements,General individual access is free without reservation during opening hours; special guided activities can require booking,90,https://www.juntadeandalucia.es/organismos/culturapatrimoniohistoricoydeporte/servicios/actualidad/noticias/detalle/664135.html;https://www.juntadeandalucia.es/organismos/culturapatrimoniohistoricoydeporte/servicios/directorio-instituciones/detalle/2580.html,Research snapshot; volatile facts should be rechecked before guest-facing use.,2026-10-04
Baelo Claudia,baelo-claudia.md,activity_tags,Provisional existing record tags: Museum; not independently verified,35,docs/places/baelo-claudia.md; https://maps.app.goo.gl/4cZJ8eRQH47aHH146,"Copied as provisional labels from the existing place record, not treated as verified claims. Confirm identity and controlled tags before use.",2026-10-04
Bellver Slot,bellver-slot.md,accessibility,Unknown — not established by the public sources reviewed; no inference made,0,https://www.visitpalma.com/en/discover/pln523/bellver-castle-the-best-views-of-palma;https://castelldebellver.palma.cat/,Sources listed were reviewed for this destination but do not establish this field; value remains unknown. The shared Google Maps collection URL is not a place-specific listing and is not evidence for this field.,2026-10-04
Bellver Slot,bellver-slot.md,wheelchair_friendly,Unknown — not established by the public sources reviewed; no inference made,0,https://www.visitpalma.com/en/discover/pln523/bellver-castle-the-best-views-of-palma;https://castelldebellver.palma.cat/,Sources listed were reviewed for this destination but do not establish this field; value remains unknown. The shared Google Maps collection URL is not a place-specific listing and is not evidence for this field.,2026-10-04
Bellver Slot,bellver-slot.md,stroller_friendly,Unknown — not established by the public sources reviewed; no inference made,0,https://www.visitpalma.com/en/discover/pln523/bellver-castle-the-best-views-of-palma;https://castelldebellver.palma.cat/,Sources listed were reviewed for this destination but do not establish this field; value remains unknown. The shared Google Maps collection URL is not a place-specific listing and is not evidence for this field.,2026-10-04
Bellver Slot,bellver-slot.md,toilets_available,Unknown — not established by the public sources reviewed; no inference made,0,https://www.visitpalma.com/en/discover/pln523/bellver-castle-the-best-views-of-palma;https://castelldebellver.palma.cat/,Sources listed were reviewed for this destination but do not establish this field; value remains unknown. The shared Google Maps collection URL is not a place-specific listing and is not evidence for this field.,2026-10-04
Bellver Slot,bellver-slot.md,food_available,Unknown — not established by the public sources reviewed; no inference made,0,https://www.visitpalma.com/en/discover/pln523/bellver-castle-the-best-views-of-palma;https://castelldebellver.palma.cat/,Sources listed were reviewed for this destination but do not establish this field; value remains unknown. The shared Google Maps collection URL is not a place-specific listing and is not evidence for this field.,2026-10-04
Bellver Slot,bellver-slot.md,shade_available,Unknown — not established by the public sources reviewed; no inference made,0,https://www.visitpalma.com/en/discover/pln523/bellver-castle-the-best-views-of-palma;https://castelldebellver.palma.cat/,Sources listed were reviewed for this destination but do not establish this field; value remains unknown. The shared Google Maps collection URL is not a place-specific listing and is not evidence for this field.,2026-10-04
Bellver Slot,bellver-slot.md,parking_summary,Unknown — not established by the public sources reviewed; no inference made,0,https://www.visitpalma.com/en/discover/pln523/bellver-castle-the-best-views-of-palma;https://castelldebellver.palma.cat/,Sources listed were reviewed for this destination but do not establish this field; value remains unknown. The shared Google Maps collection URL is not a place-specific listing and is not evidence for this field.,2026-10-04
Bellver Slot,bellver-slot.md,typical_duration,Unknown — not established by the public sources reviewed; no inference made,0,https://www.visitpalma.com/en/discover/pln523/bellver-castle-the-best-views-of-palma;https://castelldebellver.palma.cat/,Sources listed were reviewed for this destination but do not establish this field; value remains unknown. The shared Google Maps collection URL is not a place-specific listing and is not evidence for this field.,2026-10-04
Bellver Slot,bellver-slot.md,family_suitability,Unknown — not established by the public sources reviewed; no inference made,0,https://www.visitpalma.com/en/discover/pln523/bellver-castle-the-best-views-of-palma;https://castelldebellver.palma.cat/,Sources listed were reviewed for this destination but do not establish this field; value remains unknown. The shared Google Maps collection URL is not a place-specific listing and is not evidence for this field.,2026-10-04
Bellver Slot,bellver-slot.md,weather_sensitivity,Unknown — not established by the public sources reviewed; no inference made,0,https://www.visitpalma.com/en/discover/pln523/bellver-castle-the-best-views-of-palma;https://castelldebellver.palma.cat/,Sources listed were reviewed for this destination but do not establish this field; value remains unknown. The shared Google Maps collection URL is not a place-specific listing and is not evidence for this field.,2026-10-04
Bellver Slot,bellver-slot.md,booking_requirements,Unknown — not established by the public sources reviewed; no inference made,0,https://www.visitpalma.com/en/discover/pln523/bellver-castle-the-best-views-of-palma;https://castelldebellver.palma.cat/,Sources listed were reviewed for this destination but do not establish this field; value remains unknown. The shared Google Maps collection URL is not a place-specific listing and is not evidence for this field.,2026-10-04
Bellver Slot,bellver-slot.md,activity_tags,"Provisional existing record tags: Museum, Viewpoint; not independently verified",35,docs/places/bellver-slot.md; https://maps.app.goo.gl/4cZJ8eRQH47aHH146,"Copied as provisional labels from the existing place record, not treated as verified claims. Confirm identity and controlled tags before use.",2026-10-04
Cares,cares.md,accessibility,Very difficult mountain path; not wheelchair accessible,90,https://www.turismoasturias.es/senderismo/rutas/montaneros/ruta-del-cares;https://www.miteco.gob.es/en/parques-nacionales-oapn/red-parques-nacionales/parques-nacionales/picos-europa/guia-visitante/ruta-cares.html,Research snapshot; volatile facts should be rechecked before guest-facing use.,2026-10-04
Cares,cares.md,wheelchair_friendly,Unknown — not established by the public sources reviewed; no inference made,0,https://www.turismoasturias.es/senderismo/rutas/montaneros/ruta-del-cares;https://www.miteco.gob.es/en/parques-nacionales-oapn/red-parques-nacionales/parques-nacionales/picos-europa/guia-visitante/ruta-cares.html,Sources listed were reviewed for this destination but do not establish this field; value remains unknown. The shared Google Maps collection URL is not a place-specific listing and is not evidence for this field.,2026-10-04
Cares,cares.md,stroller_friendly,Unknown — not established by the public sources reviewed; no inference made,0,https://www.turismoasturias.es/senderismo/rutas/montaneros/ruta-del-cares;https://www.miteco.gob.es/en/parques-nacionales-oapn/red-parques-nacionales/parques-nacionales/picos-europa/guia-visitante/ruta-cares.html,Sources listed were reviewed for this destination but do not establish this field; value remains unknown. The shared Google Maps collection URL is not a place-specific listing and is not evidence for this field.,2026-10-04
Cares,cares.md,toilets_available,Unknown — not established by the public sources reviewed; no inference made,0,https://www.turismoasturias.es/senderismo/rutas/montaneros/ruta-del-cares;https://www.miteco.gob.es/en/parques-nacionales-oapn/red-parques-nacionales/parques-nacionales/picos-europa/guia-visitante/ruta-cares.html,Sources listed were reviewed for this destination but do not establish this field; value remains unknown. The shared Google Maps collection URL is not a place-specific listing and is not evidence for this field.,2026-10-04
Cares,cares.md,food_available,Unknown — not established by the public sources reviewed; no inference made,0,https://www.turismoasturias.es/senderismo/rutas/montaneros/ruta-del-cares;https://www.miteco.gob.es/en/parques-nacionales-oapn/red-parques-nacionales/parques-nacionales/picos-europa/guia-visitante/ruta-cares.html,Sources listed were reviewed for this destination but do not establish this field; value remains unknown. The shared Google Maps collection URL is not a place-specific listing and is not evidence for this field.,2026-10-04
Cares,cares.md,shade_available,Unknown — not established by the public sources reviewed; no inference made,0,https://www.turismoasturias.es/senderismo/rutas/montaneros/ruta-del-cares;https://www.miteco.gob.es/en/parques-nacionales-oapn/red-parques-nacionales/parques-nacionales/picos-europa/guia-visitante/ruta-cares.html,Sources listed were reviewed for this destination but do not establish this field; value remains unknown. The shared Google Maps collection URL is not a place-specific listing and is not evidence for this field.,2026-10-04
Cares,cares.md,parking_summary,Unknown — not established by the public sources reviewed; no inference made,0,https://www.turismoasturias.es/senderismo/rutas/montaneros/ruta-del-cares;https://www.miteco.gob.es/en/parques-nacionales-oapn/red-parques-nacionales/parques-nacionales/picos-europa/guia-visitante/ruta-cares.html,Sources listed were reviewed for this destination but do not establish this field; value remains unknown. The shared Google Maps collection URL is not a place-specific listing and is not evidence for this field.,2026-10-04
Cares,cares.md,typical_duration,"Official Asturias tourism lists 22.1 km return, over 5 hours, very difficult; current route status must be checked",90,https://www.turismoasturias.es/senderismo/rutas/montaneros/ruta-del-cares;https://www.miteco.gob.es/en/parques-nacionales-oapn/red-parques-nacionales/parques-nacionales/picos-europa/guia-visitante/ruta-cares.html,Research snapshot; volatile facts should be rechecked before guest-facing use.,2026-10-04
Cares,cares.md,family_suitability,children: low (official recommendation over age 12); teenagers: medium only if fit; adults: high if experienced; seniors: low,85,https://www.turismoasturias.es/senderismo/rutas/montaneros/ruta-del-cares;https://www.miteco.gob.es/en/parques-nacionales-oapn/red-parques-nacionales/parques-nacionales/picos-europa/guia-visitante/ruta-cares.html,Research snapshot; volatile facts should be rechecked before guest-facing use.,2026-10-04
Cares,cares.md,weather_sensitivity,Weather and rockfall exposure materially affect route suitability; official current route notices should be checked,85,https://www.turismoasturias.es/senderismo/rutas/montaneros/ruta-del-cares;https://www.miteco.gob.es/en/parques-nacionales-oapn/red-parques-nacionales/parques-nacionales/picos-europa/guia-visitante/ruta-cares.html,Research snapshot; volatile facts should be rechecked before guest-facing use.,2026-10-04
Cares,cares.md,booking_requirements,Unknown — not established by the public sources reviewed; no inference made,0,https://www.turismoasturias.es/senderismo/rutas/montaneros/ruta-del-cares;https://www.miteco.gob.es/en/parques-nacionales-oapn/red-parques-nacionales/parques-nacionales/picos-europa/guia-visitante/ruta-cares.html,Sources listed were reviewed for this destination but do not establish this field; value remains unknown. The shared Google Maps collection URL is not a place-specific listing and is not evidence for this field.,2026-10-04
Cares,cares.md,activity_tags,Nature; Hiking; Full day; strenuous point-to-point/return route,85,https://www.turismoasturias.es/senderismo/rutas/montaneros/ruta-del-cares;https://www.miteco.gob.es/en/parques-nacionales-oapn/red-parques-nacionales/parques-nacionales/picos-europa/guia-visitante/ruta-cares.html,Research snapshot; volatile facts should be rechecked before guest-facing use.,2026-10-04
Columpio de Riaño,columpio-de-riano.md,accessibility,Unknown — not established by the public sources reviewed; no inference made,0,,No place-specific public source was reliably tied to this destination in this pass. The shared Google Maps collection URL is not a place-specific listing and is not evidence for this field.,2026-10-04
Columpio de Riaño,columpio-de-riano.md,wheelchair_friendly,Unknown — not established by the public sources reviewed; no inference made,0,,No place-specific public source was reliably tied to this destination in this pass. The shared Google Maps collection URL is not a place-specific listing and is not evidence for this field.,2026-10-04
Columpio de Riaño,columpio-de-riano.md,stroller_friendly,Unknown — not established by the public sources reviewed; no inference made,0,,No place-specific public source was reliably tied to this destination in this pass. The shared Google Maps collection URL is not a place-specific listing and is not evidence for this field.,2026-10-04
Columpio de Riaño,columpio-de-riano.md,toilets_available,Unknown — not established by the public sources reviewed; no inference made,0,,No place-specific public source was reliably tied to this destination in this pass. The shared Google Maps collection URL is not a place-specific listing and is not evidence for this field.,2026-10-04
Columpio de Riaño,columpio-de-riano.md,food_available,Unknown — not established by the public sources reviewed; no inference made,0,,No place-specific public source was reliably tied to this destination in this pass. The shared Google Maps collection URL is not a place-specific listing and is not evidence for this field.,2026-10-04
Columpio de Riaño,columpio-de-riano.md,shade_available,Unknown — not established by the public sources reviewed; no inference made,0,,No place-specific public source was reliably tied to this destination in this pass. The shared Google Maps collection URL is not a place-specific listing and is not evidence for this field.,2026-10-04
Columpio de Riaño,columpio-de-riano.md,parking_summary,Unknown — not established by the public sources reviewed; no inference made,0,,No place-specific public source was reliably tied to this destination in this pass. The shared Google Maps collection URL is not a place-specific listing and is not evidence for this field.,2026-10-04
Columpio de Riaño,columpio-de-riano.md,typical_duration,Unknown — not established by the public sources reviewed; no inference made,0,,No place-specific public source was reliably tied to this destination in this pass. The shared Google Maps collection URL is not a place-specific listing and is not evidence for this field.,2026-10-04
Columpio de Riaño,columpio-de-riano.md,family_suitability,Unknown — not established by the public sources reviewed; no inference made,0,,No place-specific public source was reliably tied to this destination in this pass. The shared Google Maps collection URL is not a place-specific listing and is not evidence for this field.,2026-10-04
Columpio de Riaño,columpio-de-riano.md,weather_sensitivity,Unknown — not established by the public sources reviewed; no inference made,0,,No place-specific public source was reliably tied to this destination in this pass. The shared Google Maps collection URL is not a place-specific listing and is not evidence for this field.,2026-10-04
Columpio de Riaño,columpio-de-riano.md,booking_requirements,Unknown — not established by the public sources reviewed; no inference made,0,,No place-specific public source was reliably tied to this destination in this pass. The shared Google Maps collection URL is not a place-specific listing and is not evidence for this field.,2026-10-04
Columpio de Riaño,columpio-de-riano.md,activity_tags,"Provisional existing record tags: Viewpoint, Adventure; not independently verified",35,docs/places/columpio-de-riano.md; https://maps.app.goo.gl/4cZJ8eRQH47aHH146,"Copied as provisional labels from the existing place record, not treated as verified claims. Confirm identity and controlled tags before use.",2026-10-04
CONIL DE LA FRONTERA,conil-de-la-frontera.md,accessibility,Unknown — not established by the public sources reviewed; no inference made,0,,No place-specific public source was reliably tied to this destination in this pass. The shared Google Maps collection URL is not a place-specific listing and is not evidence for this field.,2026-10-04
CONIL DE LA FRONTERA,conil-de-la-frontera.md,wheelchair_friendly,Unknown — not established by the public sources reviewed; no inference made,0,,No place-specific public source was reliably tied to this destination in this pass. The shared Google Maps collection URL is not a place-specific listing and is not evidence for this field.,2026-10-04
CONIL DE LA FRONTERA,conil-de-la-frontera.md,stroller_friendly,Unknown — not established by the public sources reviewed; no inference made,0,,No place-specific public source was reliably tied to this destination in this pass. The shared Google Maps collection URL is not a place-specific listing and is not evidence for this field.,2026-10-04
CONIL DE LA FRONTERA,conil-de-la-frontera.md,toilets_available,Unknown — not established by the public sources reviewed; no inference made,0,,No place-specific public source was reliably tied to this destination in this pass. The shared Google Maps collection URL is not a place-specific listing and is not evidence for this field.,2026-10-04
CONIL DE LA FRONTERA,conil-de-la-frontera.md,food_available,Unknown — not established by the public sources reviewed; no inference made,0,,No place-specific public source was reliably tied to this destination in this pass. The shared Google Maps collection URL is not a place-specific listing and is not evidence for this field.,2026-10-04
CONIL DE LA FRONTERA,conil-de-la-frontera.md,shade_available,Unknown — not established by the public sources reviewed; no inference made,0,,No place-specific public source was reliably tied to this destination in this pass. The shared Google Maps collection URL is not a place-specific listing and is not evidence for this field.,2026-10-04
CONIL DE LA FRONTERA,conil-de-la-frontera.md,parking_summary,Unknown — not established by the public sources reviewed; no inference made,0,,No place-specific public source was reliably tied to this destination in this pass. The shared Google Maps collection URL is not a place-specific listing and is not evidence for this field.,2026-10-04
CONIL DE LA FRONTERA,conil-de-la-frontera.md,typical_duration,Unknown — not established by the public sources reviewed; no inference made,0,,No place-specific public source was reliably tied to this destination in this pass. The shared Google Maps collection URL is not a place-specific listing and is not evidence for this field.,2026-10-04
CONIL DE LA FRONTERA,conil-de-la-frontera.md,family_suitability,Unknown — not established by the public sources reviewed; no inference made,0,,No place-specific public source was reliably tied to this destination in this pass. The shared Google Maps collection URL is not a place-specific listing and is not evidence for this field.,2026-10-04
CONIL DE LA FRONTERA,conil-de-la-frontera.md,weather_sensitivity,Unknown — not established by the public sources reviewed; no inference made,0,,No place-specific public source was reliably tied to this destination in this pass. The shared Google Maps collection URL is not a place-specific listing and is not evidence for this field.,2026-10-04
CONIL DE LA FRONTERA,conil-de-la-frontera.md,booking_requirements,Unknown — not established by the public sources reviewed; no inference made,0,,No place-specific public source was reliably tied to this destination in this pass. The shared Google Maps collection URL is not a place-specific listing and is not evidence for this field.,2026-10-04
CONIL DE LA FRONTERA,conil-de-la-frontera.md,activity_tags,"Provisional existing record tags: Beach, Historic town; not independently verified",35,docs/places/conil-de-la-frontera.md; https://maps.app.goo.gl/4cZJ8eRQH47aHH146,"Copied as provisional labels from the existing place record, not treated as verified claims. Confirm identity and controlled tags before use.",2026-10-04
Cueva de los Arcos,cueva-de-los-arcos.md,accessibility,Unknown — not established by the public sources reviewed; no inference made,0,,No place-specific public source was reliably tied to this destination in this pass. The shared Google Maps collection URL is not a place-specific listing and is not evidence for this field.,2026-10-04
Cueva de los Arcos,cueva-de-los-arcos.md,wheelchair_friendly,Unknown — not established by the public sources reviewed; no inference made,0,,No place-specific public source was reliably tied to this destination in this pass. The shared Google Maps collection URL is not a place-specific listing and is not evidence for this field.,2026-10-04
Cueva de los Arcos,cueva-de-los-arcos.md,stroller_friendly,Unknown — not established by the public sources reviewed; no inference made,0,,No place-specific public source was reliably tied to this destination in this pass. The shared Google Maps collection URL is not a place-specific listing and is not evidence for this field.,2026-10-04
Cueva de los Arcos,cueva-de-los-arcos.md,toilets_available,Unknown — not established by the public sources reviewed; no inference made,0,,No place-specific public source was reliably tied to this destination in this pass. The shared Google Maps collection URL is not a place-specific listing and is not evidence for this field.,2026-10-04
Cueva de los Arcos,cueva-de-los-arcos.md,food_available,Unknown — not established by the public sources reviewed; no inference made,0,,No place-specific public source was reliably tied to this destination in this pass. The shared Google Maps collection URL is not a place-specific listing and is not evidence for this field.,2026-10-04
Cueva de los Arcos,cueva-de-los-arcos.md,shade_available,Unknown — not established by the public sources reviewed; no inference made,0,,No place-specific public source was reliably tied to this destination in this pass. The shared Google Maps collection URL is not a place-specific listing and is not evidence for this field.,2026-10-04
Cueva de los Arcos,cueva-de-los-arcos.md,parking_summary,Unknown — not established by the public sources reviewed; no inference made,0,,No place-specific public source was reliably tied to this destination in this pass. The shared Google Maps collection URL is not a place-specific listing and is not evidence for this field.,2026-10-04
Cueva de los Arcos,cueva-de-los-arcos.md,typical_duration,Unknown — not established by the public sources reviewed; no inference made,0,,No place-specific public source was reliably tied to this destination in this pass. The shared Google Maps collection URL is not a place-specific listing and is not evidence for this field.,2026-10-04
Cueva de los Arcos,cueva-de-los-arcos.md,family_suitability,Unknown — not established by the public sources reviewed; no inference made,0,,No place-specific public source was reliably tied to this destination in this pass. The shared Google Maps collection URL is not a place-specific listing and is not evidence for this field.,2026-10-04
Cueva de los Arcos,cueva-de-los-arcos.md,weather_sensitivity,Unknown — not established by the public sources reviewed; no inference made,0,,No place-specific public source was reliably tied to this destination in this pass. The shared Google Maps collection URL is not a place-specific listing and is not evidence for this field.,2026-10-04
Cueva de los Arcos,cueva-de-los-arcos.md,booking_requirements,Unknown — not established by the public sources reviewed; no inference made,0,,No place-specific public source was reliably tied to this destination in this pass. The shared Google Maps collection URL is not a place-specific listing and is not evidence for this field.,2026-10-04
Cueva de los Arcos,cueva-de-los-arcos.md,activity_tags,Provisional existing record tags: Nature; not independently verified,35,docs/places/cueva-de-los-arcos.md; https://maps.app.goo.gl/4cZJ8eRQH47aHH146,"Copied as provisional labels from the existing place record, not treated as verified claims. Confirm identity and controlled tags before use.",2026-10-04
Duna de Bolonia,duna-de-bolonia.md,accessibility,Dune trail is a sandy natural route; wheelchair access not established and soft sand is a barrier,70,https://www.juntadeandalucia.es/medioambiente/portal/documents/20151/970015b9-a138-8d17-6b86-7b2cebad3964,Research snapshot; volatile facts should be rechecked before guest-facing use.,2026-10-04
Duna de Bolonia,duna-de-bolonia.md,wheelchair_friendly,Unknown — not established by the public sources reviewed; no inference made,0,https://www.juntadeandalucia.es/medioambiente/portal/documents/20151/970015b9-a138-8d17-6b86-7b2cebad3964,Sources listed were reviewed for this destination but do not establish this field; value remains unknown. The shared Google Maps collection URL is not a place-specific listing and is not evidence for this field.,2026-10-04
Duna de Bolonia,duna-de-bolonia.md,stroller_friendly,Unknown — not established by the public sources reviewed; no inference made,0,https://www.juntadeandalucia.es/medioambiente/portal/documents/20151/970015b9-a138-8d17-6b86-7b2cebad3964,Sources listed were reviewed for this destination but do not establish this field; value remains unknown. The shared Google Maps collection URL is not a place-specific listing and is not evidence for this field.,2026-10-04
Duna de Bolonia,duna-de-bolonia.md,toilets_available,Unknown — not established by the public sources reviewed; no inference made,0,https://www.juntadeandalucia.es/medioambiente/portal/documents/20151/970015b9-a138-8d17-6b86-7b2cebad3964,Sources listed were reviewed for this destination but do not establish this field; value remains unknown. The shared Google Maps collection URL is not a place-specific listing and is not evidence for this field.,2026-10-04
Duna de Bolonia,duna-de-bolonia.md,food_available,Unknown — not established by the public sources reviewed; no inference made,0,https://www.juntadeandalucia.es/medioambiente/portal/documents/20151/970015b9-a138-8d17-6b86-7b2cebad3964,Sources listed were reviewed for this destination but do not establish this field; value remains unknown. The shared Google Maps collection URL is not a place-specific listing and is not evidence for this field.,2026-10-04
Duna de Bolonia,duna-de-bolonia.md,shade_available,Unknown — not established by the public sources reviewed; no inference made,0,https://www.juntadeandalucia.es/medioambiente/portal/documents/20151/970015b9-a138-8d17-6b86-7b2cebad3964,Sources listed were reviewed for this destination but do not establish this field; value remains unknown. The shared Google Maps collection URL is not a place-specific listing and is not evidence for this field.,2026-10-04
Duna de Bolonia,duna-de-bolonia.md,parking_summary,Official trail map marks parking areas; capacity/seasonal restrictions not stated,75,https://www.juntadeandalucia.es/medioambiente/portal/documents/20151/970015b9-a138-8d17-6b86-7b2cebad3964,Research snapshot; volatile facts should be rechecked before guest-facing use.,2026-10-04
Duna de Bolonia,duna-de-bolonia.md,typical_duration,Unknown — not established by the public sources reviewed; no inference made,0,https://www.juntadeandalucia.es/medioambiente/portal/documents/20151/970015b9-a138-8d17-6b86-7b2cebad3964,Sources listed were reviewed for this destination but do not establish this field; value remains unknown. The shared Google Maps collection URL is not a place-specific listing and is not evidence for this field.,2026-10-04
Duna de Bolonia,duna-de-bolonia.md,family_suitability,Unknown — not established by the public sources reviewed; no inference made,0,https://www.juntadeandalucia.es/medioambiente/portal/documents/20151/970015b9-a138-8d17-6b86-7b2cebad3964,Sources listed were reviewed for this destination but do not establish this field; value remains unknown. The shared Google Maps collection URL is not a place-specific listing and is not evidence for this field.,2026-10-04
Duna de Bolonia,duna-de-bolonia.md,weather_sensitivity,Wind and heat can affect an exposed coastal dune visit; no quantified official guidance located,55,https://www.juntadeandalucia.es/medioambiente/portal/documents/20151/970015b9-a138-8d17-6b86-7b2cebad3964,Research snapshot; volatile facts should be rechecked before guest-facing use.,2026-10-04
Duna de Bolonia,duna-de-bolonia.md,booking_requirements,Unknown — not established by the public sources reviewed; no inference made,0,https://www.juntadeandalucia.es/medioambiente/portal/documents/20151/970015b9-a138-8d17-6b86-7b2cebad3964,Sources listed were reviewed for this destination but do not establish this field; value remains unknown. The shared Google Maps collection URL is not a place-specific listing and is not evidence for this field.,2026-10-04
Duna de Bolonia,duna-de-bolonia.md,activity_tags,Beach; Nature; Hiking; Viewpoint,70,https://www.juntadeandalucia.es/medioambiente/portal/documents/20151/970015b9-a138-8d17-6b86-7b2cebad3964,Research snapshot; volatile facts should be rechecked before guest-facing use.,2026-10-04
Estany de Sant Maurici,estany-de-sant-maurici.md,accessibility,Access from Prat de Pierró on foot or by public transport from Espot; wheelchair route/accessibility not established by cited itinerary,70,https://parcsnaturals.gencat.cat/web/.content/Xarxa-de-Parcs/Aiguestortes/gaudeix-del-parc/guia-de-visita/Propostes-itineraris-per-dies/Pdf/itineraris_valls_aneu_en11.pdf,Research snapshot; volatile facts should be rechecked before guest-facing use.,2026-10-04
Estany de Sant Maurici,estany-de-sant-maurici.md,wheelchair_friendly,Unknown — not established by the public sources reviewed; no inference made,0,https://parcsnaturals.gencat.cat/web/.content/Xarxa-de-Parcs/Aiguestortes/gaudeix-del-parc/guia-de-visita/Propostes-itineraris-per-dies/Pdf/itineraris_valls_aneu_en11.pdf,Sources listed were reviewed for this destination but do not establish this field; value remains unknown. The shared Google Maps collection URL is not a place-specific listing and is not evidence for this field.,2026-10-04
Estany de Sant Maurici,estany-de-sant-maurici.md,stroller_friendly,Unknown — not established by the public sources reviewed; no inference made,0,https://parcsnaturals.gencat.cat/web/.content/Xarxa-de-Parcs/Aiguestortes/gaudeix-del-parc/guia-de-visita/Propostes-itineraris-per-dies/Pdf/itineraris_valls_aneu_en11.pdf,Sources listed were reviewed for this destination but do not establish this field; value remains unknown. The shared Google Maps collection URL is not a place-specific listing and is not evidence for this field.,2026-10-04
Estany de Sant Maurici,estany-de-sant-maurici.md,toilets_available,Unknown — not established by the public sources reviewed; no inference made,0,https://parcsnaturals.gencat.cat/web/.content/Xarxa-de-Parcs/Aiguestortes/gaudeix-del-parc/guia-de-visita/Propostes-itineraris-per-dies/Pdf/itineraris_valls_aneu_en11.pdf,Sources listed were reviewed for this destination but do not establish this field; value remains unknown. The shared Google Maps collection URL is not a place-specific listing and is not evidence for this field.,2026-10-04
Estany de Sant Maurici,estany-de-sant-maurici.md,food_available,Unknown — not established by the public sources reviewed; no inference made,0,https://parcsnaturals.gencat.cat/web/.content/Xarxa-de-Parcs/Aiguestortes/gaudeix-del-parc/guia-de-visita/Propostes-itineraris-per-dies/Pdf/itineraris_valls_aneu_en11.pdf,Sources listed were reviewed for this destination but do not establish this field; value remains unknown. The shared Google Maps collection URL is not a place-specific listing and is not evidence for this field.,2026-10-04
Estany de Sant Maurici,estany-de-sant-maurici.md,shade_available,Unknown — not established by the public sources reviewed; no inference made,0,https://parcsnaturals.gencat.cat/web/.content/Xarxa-de-Parcs/Aiguestortes/gaudeix-del-parc/guia-de-visita/Propostes-itineraris-per-dies/Pdf/itineraris_valls_aneu_en11.pdf,Sources listed were reviewed for this destination but do not establish this field; value remains unknown. The shared Google Maps collection URL is not a place-specific listing and is not evidence for this field.,2026-10-04
Estany de Sant Maurici,estany-de-sant-maurici.md,parking_summary,Unknown — not established by the public sources reviewed; no inference made,0,https://parcsnaturals.gencat.cat/web/.content/Xarxa-de-Parcs/Aiguestortes/gaudeix-del-parc/guia-de-visita/Propostes-itineraris-per-dies/Pdf/itineraris_valls_aneu_en11.pdf,Sources listed were reviewed for this destination but do not establish this field; value remains unknown. The shared Google Maps collection URL is not a place-specific listing and is not evidence for this field.,2026-10-04
Estany de Sant Maurici,estany-de-sant-maurici.md,typical_duration,Unknown — not established by the public sources reviewed; no inference made,0,https://parcsnaturals.gencat.cat/web/.content/Xarxa-de-Parcs/Aiguestortes/gaudeix-del-parc/guia-de-visita/Propostes-itineraris-per-dies/Pdf/itineraris_valls_aneu_en11.pdf,Sources listed were reviewed for this destination but do not establish this field; value remains unknown. The shared Google Maps collection URL is not a place-specific listing and is not evidence for this field.,2026-10-04
Estany de Sant Maurici,estany-de-sant-maurici.md,family_suitability,Unknown — not established by the public sources reviewed; no inference made,0,https://parcsnaturals.gencat.cat/web/.content/Xarxa-de-Parcs/Aiguestortes/gaudeix-del-parc/guia-de-visita/Propostes-itineraris-per-dies/Pdf/itineraris_valls_aneu_en11.pdf,Sources listed were reviewed for this destination but do not establish this field; value remains unknown. The shared Google Maps collection URL is not a place-specific listing and is not evidence for this field.,2026-10-04
Estany de Sant Maurici,estany-de-sant-maurici.md,weather_sensitivity,High mountain outdoor destination; current mountain/weather conditions should be checked,65,https://parcsnaturals.gencat.cat/web/.content/Xarxa-de-Parcs/Aiguestortes/gaudeix-del-parc/guia-de-visita/Propostes-itineraris-per-dies/Pdf/itineraris_valls_aneu_en11.pdf,Research snapshot; volatile facts should be rechecked before guest-facing use.,2026-10-04
Estany de Sant Maurici,estany-de-sant-maurici.md,booking_requirements,Unknown — not established by the public sources reviewed; no inference made,0,https://parcsnaturals.gencat.cat/web/.content/Xarxa-de-Parcs/Aiguestortes/gaudeix-del-parc/guia-de-visita/Propostes-itineraris-per-dies/Pdf/itineraris_valls_aneu_en11.pdf,Sources listed were reviewed for this destination but do not establish this field; value remains unknown. The shared Google Maps collection URL is not a place-specific listing and is not evidence for this field.,2026-10-04
Estany de Sant Maurici,estany-de-sant-maurici.md,activity_tags,Nature; Hiking; Viewpoint,80,https://parcsnaturals.gencat.cat/web/.content/Xarxa-de-Parcs/Aiguestortes/gaudeix-del-parc/guia-de-visita/Propostes-itineraris-per-dies/Pdf/itineraris_valls_aneu_en11.pdf,Research snapshot; volatile facts should be rechecked before guest-facing use.,2026-10-04
Frigiliana,frigiliana.md,accessibility,Town-centre step-free accessibility not established; hilly/stepped historic setting requires route-specific confirmation,45,https://www.turismofrigiliana.es/en/walking-routes.html;https://www.turismofrigiliana.es/en/overview.html,Research snapshot; volatile facts should be rechecked before guest-facing use.,2026-10-04
Frigiliana,frigiliana.md,wheelchair_friendly,Unknown — not established by the public sources reviewed; no inference made,0,https://www.turismofrigiliana.es/en/walking-routes.html;https://www.turismofrigiliana.es/en/overview.html,Sources listed were reviewed for this destination but do not establish this field; value remains unknown. The shared Google Maps collection URL is not a place-specific listing and is not evidence for this field.,2026-10-04
Frigiliana,frigiliana.md,stroller_friendly,Unknown — not established by the public sources reviewed; no inference made,0,https://www.turismofrigiliana.es/en/walking-routes.html;https://www.turismofrigiliana.es/en/overview.html,Sources listed were reviewed for this destination but do not establish this field; value remains unknown. The shared Google Maps collection URL is not a place-specific listing and is not evidence for this field.,2026-10-04
Frigiliana,frigiliana.md,toilets_available,Unknown — not established by the public sources reviewed; no inference made,0,https://www.turismofrigiliana.es/en/walking-routes.html;https://www.turismofrigiliana.es/en/overview.html,Sources listed were reviewed for this destination but do not establish this field; value remains unknown. The shared Google Maps collection URL is not a place-specific listing and is not evidence for this field.,2026-10-04
Frigiliana,frigiliana.md,food_available,Unknown — not established by the public sources reviewed; no inference made,0,https://www.turismofrigiliana.es/en/walking-routes.html;https://www.turismofrigiliana.es/en/overview.html,Sources listed were reviewed for this destination but do not establish this field; value remains unknown. The shared Google Maps collection URL is not a place-specific listing and is not evidence for this field.,2026-10-04
Frigiliana,frigiliana.md,shade_available,Unknown — not established by the public sources reviewed; no inference made,0,https://www.turismofrigiliana.es/en/walking-routes.html;https://www.turismofrigiliana.es/en/overview.html,Sources listed were reviewed for this destination but do not establish this field; value remains unknown. The shared Google Maps collection URL is not a place-specific listing and is not evidence for this field.,2026-10-04
Frigiliana,frigiliana.md,parking_summary,Unknown — not established by the public sources reviewed; no inference made,0,https://www.turismofrigiliana.es/en/walking-routes.html;https://www.turismofrigiliana.es/en/overview.html,Sources listed were reviewed for this destination but do not establish this field; value remains unknown. The shared Google Maps collection URL is not a place-specific listing and is not evidence for this field.,2026-10-04
Frigiliana,frigiliana.md,typical_duration,Town visit duration not published in cited tourism sources; marked local hikes range from easy short routes to 17.2 km hard route,70,https://www.turismofrigiliana.es/en/walking-routes.html;https://www.turismofrigiliana.es/en/overview.html,Research snapshot; volatile facts should be rechecked before guest-facing use.,2026-10-04
Frigiliana,frigiliana.md,family_suitability,Unknown — not established by the public sources reviewed; no inference made,0,https://www.turismofrigiliana.es/en/walking-routes.html;https://www.turismofrigiliana.es/en/overview.html,Sources listed were reviewed for this destination but do not establish this field; value remains unknown. The shared Google Maps collection URL is not a place-specific listing and is not evidence for this field.,2026-10-04
Frigiliana,frigiliana.md,weather_sensitivity,Unknown — not established by the public sources reviewed; no inference made,0,https://www.turismofrigiliana.es/en/walking-routes.html;https://www.turismofrigiliana.es/en/overview.html,Sources listed were reviewed for this destination but do not establish this field; value remains unknown. The shared Google Maps collection URL is not a place-specific listing and is not evidence for this field.,2026-10-04
Frigiliana,frigiliana.md,booking_requirements,Unknown — not established by the public sources reviewed; no inference made,0,https://www.turismofrigiliana.es/en/walking-routes.html;https://www.turismofrigiliana.es/en/overview.html,Sources listed were reviewed for this destination but do not establish this field; value remains unknown. The shared Google Maps collection URL is not a place-specific listing and is not evidence for this field.,2026-10-04
Frigiliana,frigiliana.md,activity_tags,Historic town; Hiking; Viewpoint,80,https://www.turismofrigiliana.es/en/walking-routes.html;https://www.turismofrigiliana.es/en/overview.html,Research snapshot; volatile facts should be rechecked before guest-facing use.,2026-10-04
Gaztelugatxeko Doniene,gaztelugatxeko-doniene.md,accessibility,Steep access route and many steps to the hermitage; wheelchair access to the islet is not available,85,https://www.bizkaia.eus/es/gaztelugatxe;https://turismo.euskadi.eus/en/top10/cultural-heritage/hermitage-of-san-juan-de-gaztelugatxe/webtur00-recursostop/en/,Research snapshot; volatile facts should be rechecked before guest-facing use.,2026-10-04
Gaztelugatxeko Doniene,gaztelugatxeko-doniene.md,wheelchair_friendly,Unknown — not established by the public sources reviewed; no inference made,0,https://www.bizkaia.eus/es/gaztelugatxe;https://turismo.euskadi.eus/en/top10/cultural-heritage/hermitage-of-san-juan-de-gaztelugatxe/webtur00-recursostop/en/,Sources listed were reviewed for this destination but do not establish this field; value remains unknown. The shared Google Maps collection URL is not a place-specific listing and is not evidence for this field.,2026-10-04
Gaztelugatxeko Doniene,gaztelugatxeko-doniene.md,stroller_friendly,Unknown — not established by the public sources reviewed; no inference made,0,https://www.bizkaia.eus/es/gaztelugatxe;https://turismo.euskadi.eus/en/top10/cultural-heritage/hermitage-of-san-juan-de-gaztelugatxe/webtur00-recursostop/en/,Sources listed were reviewed for this destination but do not establish this field; value remains unknown. The shared Google Maps collection URL is not a place-specific listing and is not evidence for this field.,2026-10-04
Gaztelugatxeko Doniene,gaztelugatxeko-doniene.md,toilets_available,Official destination page lists toilets; location/access status should be checked,85,https://www.bizkaia.eus/es/gaztelugatxe;https://turismo.euskadi.eus/en/top10/cultural-heritage/hermitage-of-san-juan-de-gaztelugatxe/webtur00-recursostop/en/,Research snapshot; volatile facts should be rechecked before guest-facing use.,2026-10-04
Gaztelugatxeko Doniene,gaztelugatxeko-doniene.md,food_available,Unknown — not established by the public sources reviewed; no inference made,0,https://www.bizkaia.eus/es/gaztelugatxe;https://turismo.euskadi.eus/en/top10/cultural-heritage/hermitage-of-san-juan-de-gaztelugatxe/webtur00-recursostop/en/,Sources listed were reviewed for this destination but do not establish this field; value remains unknown. The shared Google Maps collection URL is not a place-specific listing and is not evidence for this field.,2026-10-04
Gaztelugatxeko Doniene,gaztelugatxeko-doniene.md,shade_available,Unknown — not established by the public sources reviewed; no inference made,0,https://www.bizkaia.eus/es/gaztelugatxe;https://turismo.euskadi.eus/en/top10/cultural-heritage/hermitage-of-san-juan-de-gaztelugatxe/webtur00-recursostop/en/,Sources listed were reviewed for this destination but do not establish this field; value remains unknown. The shared Google Maps collection URL is not a place-specific listing and is not evidence for this field.,2026-10-04
Gaztelugatxeko Doniene,gaztelugatxeko-doniene.md,parking_summary,Unknown — not established by the public sources reviewed; no inference made,0,https://www.bizkaia.eus/es/gaztelugatxe;https://turismo.euskadi.eus/en/top10/cultural-heritage/hermitage-of-san-juan-de-gaztelugatxe/webtur00-recursostop/en/,Sources listed were reviewed for this destination but do not establish this field; value remains unknown. The shared Google Maps collection URL is not a place-specific listing and is not evidence for this field.,2026-10-04
Gaztelugatxeko Doniene,gaztelugatxeko-doniene.md,typical_duration,Unknown — not established by the public sources reviewed; no inference made,0,https://www.bizkaia.eus/es/gaztelugatxe;https://turismo.euskadi.eus/en/top10/cultural-heritage/hermitage-of-san-juan-de-gaztelugatxe/webtur00-recursostop/en/,Sources listed were reviewed for this destination but do not establish this field; value remains unknown. The shared Google Maps collection URL is not a place-specific listing and is not evidence for this field.,2026-10-04
Gaztelugatxeko Doniene,gaztelugatxeko-doniene.md,family_suitability,Unknown — not established by the public sources reviewed; no inference made,0,https://www.bizkaia.eus/es/gaztelugatxe;https://turismo.euskadi.eus/en/top10/cultural-heritage/hermitage-of-san-juan-de-gaztelugatxe/webtur00-recursostop/en/,Sources listed were reviewed for this destination but do not establish this field; value remains unknown. The shared Google Maps collection URL is not a place-specific listing and is not evidence for this field.,2026-10-04
Gaztelugatxeko Doniene,gaztelugatxeko-doniene.md,weather_sensitivity,Official authority advises avoiding the route during orange weather alerts,90,https://www.bizkaia.eus/es/gaztelugatxe;https://turismo.euskadi.eus/en/top10/cultural-heritage/hermitage-of-san-juan-de-gaztelugatxe/webtur00-recursostop/en/,Research snapshot; volatile facts should be rechecked before guest-facing use.,2026-10-04
Gaztelugatxeko Doniene,gaztelugatxeko-doniene.md,booking_requirements,Free timed access ticket required on controlled-access dates; check official calendar,95,https://www.bizkaia.eus/es/gaztelugatxe;https://turismo.euskadi.eus/en/top10/cultural-heritage/hermitage-of-san-juan-de-gaztelugatxe/webtur00-recursostop/en/,Research snapshot; volatile facts should be rechecked before guest-facing use.,2026-10-04
Gaztelugatxeko Doniene,gaztelugatxeko-doniene.md,activity_tags,Nature; Hiking; Viewpoint; Historic town,75,https://www.bizkaia.eus/es/gaztelugatxe;https://turismo.euskadi.eus/en/top10/cultural-heritage/hermitage-of-san-juan-de-gaztelugatxe/webtur00-recursostop/en/,Research snapshot; volatile facts should be rechecked before guest-facing use.,2026-10-04
La Vall d'Uixó,la-vall-duixo.md,accessibility,Venue advises visitors with special needs to contact them; wheelchair suitability of the complete tour is not stated,60,https://covesdesantjosep.es/les-coves/;https://covesdesantjosep.es/preguntas-frecuentes/,"Official venue source; practical conditions may vary, confirm with venue before travel.",2026-10-04
La Vall d'Uixó,la-vall-duixo.md,wheelchair_friendly,Unknown — not established by the public sources reviewed; no inference made,0,https://covesdesantjosep.es/les-coves/;https://covesdesantjosep.es/preguntas-frecuentes/,Sources listed were reviewed for this destination but do not establish this field; value remains unknown. The shared Google Maps collection URL is not a place-specific listing and is not evidence for this field.,2026-10-04
La Vall d'Uixó,la-vall-duixo.md,stroller_friendly,Unknown — not established by the public sources reviewed; no inference made,0,https://covesdesantjosep.es/les-coves/;https://covesdesantjosep.es/preguntas-frecuentes/,Sources listed were reviewed for this destination but do not establish this field; value remains unknown. The shared Google Maps collection URL is not a place-specific listing and is not evidence for this field.,2026-10-04
La Vall d'Uixó,la-vall-duixo.md,toilets_available,Unknown — not established by the public sources reviewed; no inference made,0,https://covesdesantjosep.es/les-coves/;https://covesdesantjosep.es/preguntas-frecuentes/,Sources listed were reviewed for this destination but do not establish this field; value remains unknown. The shared Google Maps collection URL is not a place-specific listing and is not evidence for this field.,2026-10-04
La Vall d'Uixó,la-vall-duixo.md,food_available,Cafes/restaurants are available at the entrance/area; food is not allowed inside the cave route,85,https://covesdesantjosep.es/les-coves/;https://covesdesantjosep.es/preguntas-frecuentes/,"Official venue source; practical conditions may vary, confirm with venue before travel.",2026-10-04
La Vall d'Uixó,la-vall-duixo.md,shade_available,Unknown — not established by the public sources reviewed; no inference made,0,https://covesdesantjosep.es/les-coves/;https://covesdesantjosep.es/preguntas-frecuentes/,Sources listed were reviewed for this destination but do not establish this field; value remains unknown. The shared Google Maps collection URL is not a place-specific listing and is not evidence for this field.,2026-10-04
La Vall d'Uixó,la-vall-duixo.md,parking_summary,Free parking reported by the official FAQ,85,https://covesdesantjosep.es/les-coves/;https://covesdesantjosep.es/preguntas-frecuentes/,"Official venue source; practical conditions may vary, confirm with venue before travel.",2026-10-04
La Vall d'Uixó,la-vall-duixo.md,typical_duration,"Approximately 40 minutes; 1,050 m visit including boat and walking sections when conditions allow",95,https://covesdesantjosep.es/les-coves/;https://covesdesantjosep.es/preguntas-frecuentes/,"Official venue source; practical conditions may vary, confirm with venue before travel.",2026-10-04
La Vall d'Uixó,la-vall-duixo.md,family_suitability,Unknown — not established by the public sources reviewed; no inference made,0,https://covesdesantjosep.es/les-coves/;https://covesdesantjosep.es/preguntas-frecuentes/,Sources listed were reviewed for this destination but do not establish this field; value remains unknown. The shared Google Maps collection URL is not a place-specific listing and is not evidence for this field.,2026-10-04
La Vall d'Uixó,la-vall-duixo.md,weather_sensitivity,Cave temperature is about 20°C; boat operations may depend on conditions,75,https://covesdesantjosep.es/les-coves/;https://covesdesantjosep.es/preguntas-frecuentes/,"Official venue source; practical conditions may vary, confirm with venue before travel.",2026-10-04
La Vall d'Uixó,la-vall-duixo.md,booking_requirements,Advance online purchase recommended because daily ticket capacity is limited,90,https://covesdesantjosep.es/les-coves/;https://covesdesantjosep.es/preguntas-frecuentes/,"Official venue source; practical conditions may vary, confirm with venue before travel.",2026-10-04
La Vall d'Uixó,la-vall-duixo.md,activity_tags,Nature; Adventure; Rainy day; Half day,75,https://covesdesantjosep.es/les-coves/;https://covesdesantjosep.es/preguntas-frecuentes/,"Official venue source; practical conditions may vary, confirm with venue before travel.",2026-10-04
Los Caños de Meca,los-canos-de-meca.md,accessibility,Access varies by cove; route and wheelchair access not established,30,https://www.cadiz-turismo.com/playas/barbate/playadeloscanosdemeca;https://www.cadiz-turismo.com/canosdemeca,Research snapshot; volatile facts should be rechecked before guest-facing use.,2026-10-04
Los Caños de Meca,los-canos-de-meca.md,wheelchair_friendly,Unknown — not established by the public sources reviewed; no inference made,0,https://www.cadiz-turismo.com/playas/barbate/playadeloscanosdemeca;https://www.cadiz-turismo.com/canosdemeca,Sources listed were reviewed for this destination but do not establish this field; value remains unknown. The shared Google Maps collection URL is not a place-specific listing and is not evidence for this field.,2026-10-04
Los Caños de Meca,los-canos-de-meca.md,stroller_friendly,Unknown — not established by the public sources reviewed; no inference made,0,https://www.cadiz-turismo.com/playas/barbate/playadeloscanosdemeca;https://www.cadiz-turismo.com/canosdemeca,Sources listed were reviewed for this destination but do not establish this field; value remains unknown. The shared Google Maps collection URL is not a place-specific listing and is not evidence for this field.,2026-10-04
Los Caños de Meca,los-canos-de-meca.md,toilets_available,Unknown — not established by the public sources reviewed; no inference made,0,https://www.cadiz-turismo.com/playas/barbate/playadeloscanosdemeca;https://www.cadiz-turismo.com/canosdemeca,Sources listed were reviewed for this destination but do not establish this field; value remains unknown. The shared Google Maps collection URL is not a place-specific listing and is not evidence for this field.,2026-10-04
Los Caños de Meca,los-canos-de-meca.md,food_available,Unknown — not established by the public sources reviewed; no inference made,0,https://www.cadiz-turismo.com/playas/barbate/playadeloscanosdemeca;https://www.cadiz-turismo.com/canosdemeca,Sources listed were reviewed for this destination but do not establish this field; value remains unknown. The shared Google Maps collection URL is not a place-specific listing and is not evidence for this field.,2026-10-04
Los Caños de Meca,los-canos-de-meca.md,shade_available,Unknown — not established by the public sources reviewed; no inference made,0,https://www.cadiz-turismo.com/playas/barbate/playadeloscanosdemeca;https://www.cadiz-turismo.com/canosdemeca,Sources listed were reviewed for this destination but do not establish this field; value remains unknown. The shared Google Maps collection URL is not a place-specific listing and is not evidence for this field.,2026-10-04
Los Caños de Meca,los-canos-de-meca.md,parking_summary,Unknown — not established by the public sources reviewed; no inference made,0,https://www.cadiz-turismo.com/playas/barbate/playadeloscanosdemeca;https://www.cadiz-turismo.com/canosdemeca,Sources listed were reviewed for this destination but do not establish this field; value remains unknown. The shared Google Maps collection URL is not a place-specific listing and is not evidence for this field.,2026-10-04
Los Caños de Meca,los-canos-de-meca.md,typical_duration,Unknown — not established by the public sources reviewed; no inference made,0,https://www.cadiz-turismo.com/playas/barbate/playadeloscanosdemeca;https://www.cadiz-turismo.com/canosdemeca,Sources listed were reviewed for this destination but do not establish this field; value remains unknown. The shared Google Maps collection URL is not a place-specific listing and is not evidence for this field.,2026-10-04
Los Caños de Meca,los-canos-de-meca.md,family_suitability,Varies by beach section; nudist coves are identified at Castillejos. No single family rating applies to all named coastline.,85,https://www.cadiz-turismo.com/playas/barbate/playadeloscanosdemeca;https://www.cadiz-turismo.com/canosdemeca,Research snapshot; volatile facts should be rechecked before guest-facing use.,2026-10-04
Los Caños de Meca,los-canos-de-meca.md,weather_sensitivity,"Open Atlantic coast; wind and sea conditions can affect bathing, but exact limits not sourced",55,https://www.cadiz-turismo.com/playas/barbate/playadeloscanosdemeca;https://www.cadiz-turismo.com/canosdemeca,Research snapshot; volatile facts should be rechecked before guest-facing use.,2026-10-04
Los Caños de Meca,los-canos-de-meca.md,booking_requirements,Unknown — not established by the public sources reviewed; no inference made,0,https://www.cadiz-turismo.com/playas/barbate/playadeloscanosdemeca;https://www.cadiz-turismo.com/canosdemeca,Sources listed were reviewed for this destination but do not establish this field; value remains unknown. The shared Google Maps collection URL is not a place-specific listing and is not evidence for this field.,2026-10-04
Los Caños de Meca,los-canos-de-meca.md,activity_tags,Beach; Nature,80,https://www.cadiz-turismo.com/playas/barbate/playadeloscanosdemeca;https://www.cadiz-turismo.com/canosdemeca,Research snapshot; volatile facts should be rechecked before guest-facing use.,2026-10-04
Marbella Old Town,marbella-old-town.md,accessibility,"Official accessible-tourism route describes pedestrian route with gentle inclines and paving; site assessment dates to 2016, so treat as medium confidence/currentness",80,https://www.juntadeandalucia.es/turismoydeporte/ctrjal/destinosturisticosaccesibles/es/malaga/ruta-turistica-por-el-casco-antiguo-de-marbella,Research snapshot; volatile facts should be rechecked before guest-facing use.,2026-10-04
Marbella Old Town,marbella-old-town.md,wheelchair_friendly,Unknown — not established by the public sources reviewed; no inference made,0,https://www.juntadeandalucia.es/turismoydeporte/ctrjal/destinosturisticosaccesibles/es/malaga/ruta-turistica-por-el-casco-antiguo-de-marbella,Sources listed were reviewed for this destination but do not establish this field; value remains unknown. The shared Google Maps collection URL is not a place-specific listing and is not evidence for this field.,2026-10-04
Marbella Old Town,marbella-old-town.md,stroller_friendly,Unknown — not established by the public sources reviewed; no inference made,0,https://www.juntadeandalucia.es/turismoydeporte/ctrjal/destinosturisticosaccesibles/es/malaga/ruta-turistica-por-el-casco-antiguo-de-marbella,Sources listed were reviewed for this destination but do not establish this field; value remains unknown. The shared Google Maps collection URL is not a place-specific listing and is not evidence for this field.,2026-10-04
Marbella Old Town,marbella-old-town.md,toilets_available,No public toilets on the described old-town route per official accessible-tourism page,80,https://www.juntadeandalucia.es/turismoydeporte/ctrjal/destinosturisticosaccesibles/es/malaga/ruta-turistica-por-el-casco-antiguo-de-marbella,Research snapshot; volatile facts should be rechecked before guest-facing use.,2026-10-04
Marbella Old Town,marbella-old-town.md,food_available,Unknown — not established by the public sources reviewed; no inference made,0,https://www.juntadeandalucia.es/turismoydeporte/ctrjal/destinosturisticosaccesibles/es/malaga/ruta-turistica-por-el-casco-antiguo-de-marbella,Sources listed were reviewed for this destination but do not establish this field; value remains unknown. The shared Google Maps collection URL is not a place-specific listing and is not evidence for this field.,2026-10-04
Marbella Old Town,marbella-old-town.md,shade_available,Unknown — not established by the public sources reviewed; no inference made,0,https://www.juntadeandalucia.es/turismoydeporte/ctrjal/destinosturisticosaccesibles/es/malaga/ruta-turistica-por-el-casco-antiguo-de-marbella,Sources listed were reviewed for this destination but do not establish this field; value remains unknown. The shared Google Maps collection URL is not a place-specific listing and is not evidence for this field.,2026-10-04
Marbella Old Town,marbella-old-town.md,parking_summary,Nearby accessible transit/taxi and PMR parking are described; general visitor parking not established,70,https://www.juntadeandalucia.es/turismoydeporte/ctrjal/destinosturisticosaccesibles/es/malaga/ruta-turistica-por-el-casco-antiguo-de-marbella,Research snapshot; volatile facts should be rechecked before guest-facing use.,2026-10-04
Marbella Old Town,marbella-old-town.md,typical_duration,Route duration not stated in cited official page,0,https://www.juntadeandalucia.es/turismoydeporte/ctrjal/destinosturisticosaccesibles/es/malaga/ruta-turistica-por-el-casco-antiguo-de-marbella,Sources listed were reviewed for this destination but do not establish this field; value remains unknown. The shared Google Maps collection URL is not a place-specific listing and is not evidence for this field.,2026-10-04
Marbella Old Town,marbella-old-town.md,family_suitability,Unknown — not established by the public sources reviewed; no inference made,0,https://www.juntadeandalucia.es/turismoydeporte/ctrjal/destinosturisticosaccesibles/es/malaga/ruta-turistica-por-el-casco-antiguo-de-marbella,Sources listed were reviewed for this destination but do not establish this field; value remains unknown. The shared Google Maps collection URL is not a place-specific listing and is not evidence for this field.,2026-10-04
Marbella Old Town,marbella-old-town.md,weather_sensitivity,Unknown — not established by the public sources reviewed; no inference made,0,https://www.juntadeandalucia.es/turismoydeporte/ctrjal/destinosturisticosaccesibles/es/malaga/ruta-turistica-por-el-casco-antiguo-de-marbella,Sources listed were reviewed for this destination but do not establish this field; value remains unknown. The shared Google Maps collection URL is not a place-specific listing and is not evidence for this field.,2026-10-04
Marbella Old Town,marbella-old-town.md,booking_requirements,Unknown — not established by the public sources reviewed; no inference made,0,https://www.juntadeandalucia.es/turismoydeporte/ctrjal/destinosturisticosaccesibles/es/malaga/ruta-turistica-por-el-casco-antiguo-de-marbella,Sources listed were reviewed for this destination but do not establish this field; value remains unknown. The shared Google Maps collection URL is not a place-specific listing and is not evidence for this field.,2026-10-04
Marbella Old Town,marbella-old-town.md,activity_tags,Unknown — not established by the public sources reviewed; no inference made,0,https://www.juntadeandalucia.es/turismoydeporte/ctrjal/destinosturisticosaccesibles/es/malaga/ruta-turistica-por-el-casco-antiguo-de-marbella,Sources listed were reviewed for this destination but do not establish this field; value remains unknown. The shared Google Maps collection URL is not a place-specific listing and is not evidence for this field.,2026-10-04
Mercado de Atarazanas,mercado-de-atarazanas.md,accessibility,Municipal listing states no access for persons with reduced mobility; confirm whether building access has since changed,80,https://www.malaga.eu/la-ciudad/instalaciones-y-espacios/detalle-de-la-instalacion/?id=160,Research snapshot; volatile facts should be rechecked before guest-facing use.,2026-10-04
Mercado de Atarazanas,mercado-de-atarazanas.md,wheelchair_friendly,Unknown — not established by the public sources reviewed; no inference made,0,https://www.malaga.eu/la-ciudad/instalaciones-y-espacios/detalle-de-la-instalacion/?id=160,Sources listed were reviewed for this destination but do not establish this field; value remains unknown. The shared Google Maps collection URL is not a place-specific listing and is not evidence for this field.,2026-10-04
Mercado de Atarazanas,mercado-de-atarazanas.md,stroller_friendly,Unknown — not established by the public sources reviewed; no inference made,0,https://www.malaga.eu/la-ciudad/instalaciones-y-espacios/detalle-de-la-instalacion/?id=160,Sources listed were reviewed for this destination but do not establish this field; value remains unknown. The shared Google Maps collection URL is not a place-specific listing and is not evidence for this field.,2026-10-04
Mercado de Atarazanas,mercado-de-atarazanas.md,toilets_available,Unknown; municipal facility listing does not confirm public toilets,0,https://www.malaga.eu/la-ciudad/instalaciones-y-espacios/detalle-de-la-instalacion/?id=160,Sources listed were reviewed for this destination but do not establish this field; value remains unknown. The shared Google Maps collection URL is not a place-specific listing and is not evidence for this field.,2026-10-04
Mercado de Atarazanas,mercado-de-atarazanas.md,food_available,Market food vendors present not verified by the cited municipal facility entry,0,https://www.malaga.eu/la-ciudad/instalaciones-y-espacios/detalle-de-la-instalacion/?id=160,Sources listed were reviewed for this destination but do not establish this field; value remains unknown. The shared Google Maps collection URL is not a place-specific listing and is not evidence for this field.,2026-10-04
Mercado de Atarazanas,mercado-de-atarazanas.md,shade_available,Unknown — not established by the public sources reviewed; no inference made,0,https://www.malaga.eu/la-ciudad/instalaciones-y-espacios/detalle-de-la-instalacion/?id=160,Sources listed were reviewed for this destination but do not establish this field; value remains unknown. The shared Google Maps collection URL is not a place-specific listing and is not evidence for this field.,2026-10-04
Mercado de Atarazanas,mercado-de-atarazanas.md,parking_summary,Unknown — not established by the public sources reviewed; no inference made,0,https://www.malaga.eu/la-ciudad/instalaciones-y-espacios/detalle-de-la-instalacion/?id=160,Sources listed were reviewed for this destination but do not establish this field; value remains unknown. The shared Google Maps collection URL is not a place-specific listing and is not evidence for this field.,2026-10-04
Mercado de Atarazanas,mercado-de-atarazanas.md,typical_duration,Unknown; no official suggested visit duration located,0,https://www.malaga.eu/la-ciudad/instalaciones-y-espacios/detalle-de-la-instalacion/?id=160,Sources listed were reviewed for this destination but do not establish this field; value remains unknown. The shared Google Maps collection URL is not a place-specific listing and is not evidence for this field.,2026-10-04
Mercado de Atarazanas,mercado-de-atarazanas.md,family_suitability,Unknown — not established by the public sources reviewed; no inference made,0,https://www.malaga.eu/la-ciudad/instalaciones-y-espacios/detalle-de-la-instalacion/?id=160,Sources listed were reviewed for this destination but do not establish this field; value remains unknown. The shared Google Maps collection URL is not a place-specific listing and is not evidence for this field.,2026-10-04
Mercado de Atarazanas,mercado-de-atarazanas.md,weather_sensitivity,Unknown — not established by the public sources reviewed; no inference made,0,https://www.malaga.eu/la-ciudad/instalaciones-y-espacios/detalle-de-la-instalacion/?id=160,Sources listed were reviewed for this destination but do not establish this field; value remains unknown. The shared Google Maps collection URL is not a place-specific listing and is not evidence for this field.,2026-10-04
Mercado de Atarazanas,mercado-de-atarazanas.md,booking_requirements,Unknown — not established by the public sources reviewed; no inference made,0,https://www.malaga.eu/la-ciudad/instalaciones-y-espacios/detalle-de-la-instalacion/?id=160,Sources listed were reviewed for this destination but do not establish this field; value remains unknown. The shared Google Maps collection URL is not a place-specific listing and is not evidence for this field.,2026-10-04
Mercado de Atarazanas,mercado-de-atarazanas.md,activity_tags,Unknown — not established by the public sources reviewed; no inference made,0,https://www.malaga.eu/la-ciudad/instalaciones-y-espacios/detalle-de-la-instalacion/?id=160,Sources listed were reviewed for this destination but do not establish this field; value remains unknown. The shared Google Maps collection URL is not a place-specific listing and is not evidence for this field.,2026-10-04
Miradouro da Serpente do Medal,miradouro-da-serpente-do-medal.md,accessibility,Unknown — not established by the public sources reviewed; no inference made,0,,No place-specific public source was reliably tied to this destination in this pass. The shared Google Maps collection URL is not a place-specific listing and is not evidence for this field.,2026-10-04
Miradouro da Serpente do Medal,miradouro-da-serpente-do-medal.md,wheelchair_friendly,Unknown — not established by the public sources reviewed; no inference made,0,,No place-specific public source was reliably tied to this destination in this pass. The shared Google Maps collection URL is not a place-specific listing and is not evidence for this field.,2026-10-04
Miradouro da Serpente do Medal,miradouro-da-serpente-do-medal.md,stroller_friendly,Unknown — not established by the public sources reviewed; no inference made,0,,No place-specific public source was reliably tied to this destination in this pass. The shared Google Maps collection URL is not a place-specific listing and is not evidence for this field.,2026-10-04
Miradouro da Serpente do Medal,miradouro-da-serpente-do-medal.md,toilets_available,Unknown — not established by the public sources reviewed; no inference made,0,,No place-specific public source was reliably tied to this destination in this pass. The shared Google Maps collection URL is not a place-specific listing and is not evidence for this field.,2026-10-04
Miradouro da Serpente do Medal,miradouro-da-serpente-do-medal.md,food_available,Unknown — not established by the public sources reviewed; no inference made,0,,No place-specific public source was reliably tied to this destination in this pass. The shared Google Maps collection URL is not a place-specific listing and is not evidence for this field.,2026-10-04
Miradouro da Serpente do Medal,miradouro-da-serpente-do-medal.md,shade_available,Unknown — not established by the public sources reviewed; no inference made,0,,No place-specific public source was reliably tied to this destination in this pass. The shared Google Maps collection URL is not a place-specific listing and is not evidence for this field.,2026-10-04
Miradouro da Serpente do Medal,miradouro-da-serpente-do-medal.md,parking_summary,Unknown — not established by the public sources reviewed; no inference made,0,,No place-specific public source was reliably tied to this destination in this pass. The shared Google Maps collection URL is not a place-specific listing and is not evidence for this field.,2026-10-04
Miradouro da Serpente do Medal,miradouro-da-serpente-do-medal.md,typical_duration,Unknown — not established by the public sources reviewed; no inference made,0,,No place-specific public source was reliably tied to this destination in this pass. The shared Google Maps collection URL is not a place-specific listing and is not evidence for this field.,2026-10-04
Miradouro da Serpente do Medal,miradouro-da-serpente-do-medal.md,family_suitability,Unknown — not established by the public sources reviewed; no inference made,0,,No place-specific public source was reliably tied to this destination in this pass. The shared Google Maps collection URL is not a place-specific listing and is not evidence for this field.,2026-10-04
Miradouro da Serpente do Medal,miradouro-da-serpente-do-medal.md,weather_sensitivity,Unknown — not established by the public sources reviewed; no inference made,0,,No place-specific public source was reliably tied to this destination in this pass. The shared Google Maps collection URL is not a place-specific listing and is not evidence for this field.,2026-10-04
Miradouro da Serpente do Medal,miradouro-da-serpente-do-medal.md,booking_requirements,Unknown — not established by the public sources reviewed; no inference made,0,,No place-specific public source was reliably tied to this destination in this pass. The shared Google Maps collection URL is not a place-specific listing and is not evidence for this field.,2026-10-04
Miradouro da Serpente do Medal,miradouro-da-serpente-do-medal.md,activity_tags,"Provisional existing record tags: Viewpoint, Hiking; not independently verified",35,docs/places/miradouro-da-serpente-do-medal.md; https://maps.app.goo.gl/4cZJ8eRQH47aHH146,"Copied as provisional labels from the existing place record, not treated as verified claims. Confirm identity and controlled tags before use.",2026-10-04
Morro de l'Abella,morro-de-labella.md,accessibility,Unknown — not established by the public sources reviewed; no inference made,0,,No place-specific public source was reliably tied to this destination in this pass. The shared Google Maps collection URL is not a place-specific listing and is not evidence for this field.,2026-10-04
Morro de l'Abella,morro-de-labella.md,wheelchair_friendly,Unknown — not established by the public sources reviewed; no inference made,0,,No place-specific public source was reliably tied to this destination in this pass. The shared Google Maps collection URL is not a place-specific listing and is not evidence for this field.,2026-10-04
Morro de l'Abella,morro-de-labella.md,stroller_friendly,Unknown — not established by the public sources reviewed; no inference made,0,,No place-specific public source was reliably tied to this destination in this pass. The shared Google Maps collection URL is not a place-specific listing and is not evidence for this field.,2026-10-04
Morro de l'Abella,morro-de-labella.md,toilets_available,Unknown — not established by the public sources reviewed; no inference made,0,,No place-specific public source was reliably tied to this destination in this pass. The shared Google Maps collection URL is not a place-specific listing and is not evidence for this field.,2026-10-04
Morro de l'Abella,morro-de-labella.md,food_available,Unknown — not established by the public sources reviewed; no inference made,0,,No place-specific public source was reliably tied to this destination in this pass. The shared Google Maps collection URL is not a place-specific listing and is not evidence for this field.,2026-10-04
Morro de l'Abella,morro-de-labella.md,shade_available,Unknown — not established by the public sources reviewed; no inference made,0,,No place-specific public source was reliably tied to this destination in this pass. The shared Google Maps collection URL is not a place-specific listing and is not evidence for this field.,2026-10-04
Morro de l'Abella,morro-de-labella.md,parking_summary,Unknown — not established by the public sources reviewed; no inference made,0,,No place-specific public source was reliably tied to this destination in this pass. The shared Google Maps collection URL is not a place-specific listing and is not evidence for this field.,2026-10-04
Morro de l'Abella,morro-de-labella.md,typical_duration,Unknown — not established by the public sources reviewed; no inference made,0,,No place-specific public source was reliably tied to this destination in this pass. The shared Google Maps collection URL is not a place-specific listing and is not evidence for this field.,2026-10-04
Morro de l'Abella,morro-de-labella.md,family_suitability,Unknown — not established by the public sources reviewed; no inference made,0,,No place-specific public source was reliably tied to this destination in this pass. The shared Google Maps collection URL is not a place-specific listing and is not evidence for this field.,2026-10-04
Morro de l'Abella,morro-de-labella.md,weather_sensitivity,Unknown — not established by the public sources reviewed; no inference made,0,,No place-specific public source was reliably tied to this destination in this pass. The shared Google Maps collection URL is not a place-specific listing and is not evidence for this field.,2026-10-04
Morro de l'Abella,morro-de-labella.md,booking_requirements,Unknown — not established by the public sources reviewed; no inference made,0,,No place-specific public source was reliably tied to this destination in this pass. The shared Google Maps collection URL is not a place-specific listing and is not evidence for this field.,2026-10-04
Morro de l'Abella,morro-de-labella.md,activity_tags,"Provisional existing record tags: Viewpoint, Nature; not independently verified",35,docs/places/morro-de-labella.md; https://maps.app.goo.gl/4cZJ8eRQH47aHH146,"Copied as provisional labels from the existing place record, not treated as verified claims. Confirm identity and controlled tags before use.",2026-10-04
Olvera Castle,olvera-castle.md,accessibility,Unknown; access route and stairs not specified on cited source,0,https://www.turismoolvera.es/informacion,Sources listed were reviewed for this destination but do not establish this field; value remains unknown. The shared Google Maps collection URL is not a place-specific listing and is not evidence for this field.,2026-10-04
Olvera Castle,olvera-castle.md,wheelchair_friendly,Unknown — not established by the public sources reviewed; no inference made,0,https://www.turismoolvera.es/informacion,Sources listed were reviewed for this destination but do not establish this field; value remains unknown. The shared Google Maps collection URL is not a place-specific listing and is not evidence for this field.,2026-10-04
Olvera Castle,olvera-castle.md,stroller_friendly,Unknown — not established by the public sources reviewed; no inference made,0,https://www.turismoolvera.es/informacion,Sources listed were reviewed for this destination but do not establish this field; value remains unknown. The shared Google Maps collection URL is not a place-specific listing and is not evidence for this field.,2026-10-04
Olvera Castle,olvera-castle.md,toilets_available,Unknown — not established by the public sources reviewed; no inference made,0,https://www.turismoolvera.es/informacion,Sources listed were reviewed for this destination but do not establish this field; value remains unknown. The shared Google Maps collection URL is not a place-specific listing and is not evidence for this field.,2026-10-04
Olvera Castle,olvera-castle.md,food_available,Unknown — not established by the public sources reviewed; no inference made,0,https://www.turismoolvera.es/informacion,Sources listed were reviewed for this destination but do not establish this field; value remains unknown. The shared Google Maps collection URL is not a place-specific listing and is not evidence for this field.,2026-10-04
Olvera Castle,olvera-castle.md,shade_available,Unknown — not established by the public sources reviewed; no inference made,0,https://www.turismoolvera.es/informacion,Sources listed were reviewed for this destination but do not establish this field; value remains unknown. The shared Google Maps collection URL is not a place-specific listing and is not evidence for this field.,2026-10-04
Olvera Castle,olvera-castle.md,parking_summary,Unknown — not established by the public sources reviewed; no inference made,0,https://www.turismoolvera.es/informacion,Sources listed were reviewed for this destination but do not establish this field; value remains unknown. The shared Google Maps collection URL is not a place-specific listing and is not evidence for this field.,2026-10-04
Olvera Castle,olvera-castle.md,typical_duration,Unknown; official tourism office lists seasonal opening hours but no visit duration,0,https://www.turismoolvera.es/informacion,Sources listed were reviewed for this destination but do not establish this field; value remains unknown. The shared Google Maps collection URL is not a place-specific listing and is not evidence for this field.,2026-10-04
Olvera Castle,olvera-castle.md,family_suitability,Unknown — not established by the public sources reviewed; no inference made,0,https://www.turismoolvera.es/informacion,Sources listed were reviewed for this destination but do not establish this field; value remains unknown. The shared Google Maps collection URL is not a place-specific listing and is not evidence for this field.,2026-10-04
Olvera Castle,olvera-castle.md,weather_sensitivity,Unknown — not established by the public sources reviewed; no inference made,0,https://www.turismoolvera.es/informacion,Sources listed were reviewed for this destination but do not establish this field; value remains unknown. The shared Google Maps collection URL is not a place-specific listing and is not evidence for this field.,2026-10-04
Olvera Castle,olvera-castle.md,booking_requirements,No general advance booking rule listed; confirm with tourism office,65,https://www.turismoolvera.es/informacion,Research snapshot; volatile facts should be rechecked before guest-facing use.,2026-10-04
Olvera Castle,olvera-castle.md,activity_tags,Historic town; Museum; Viewpoint,65,https://www.turismoolvera.es/informacion,Research snapshot; volatile facts should be rechecked before guest-facing use.,2026-10-04
Palmeral de Las Sorpresas,palmeral-de-las-sorpresas.md,accessibility,Unknown — not established by the public sources reviewed; no inference made,0,,No place-specific public source was reliably tied to this destination in this pass. The shared Google Maps collection URL is not a place-specific listing and is not evidence for this field.,2026-10-04
Palmeral de Las Sorpresas,palmeral-de-las-sorpresas.md,wheelchair_friendly,Unknown — not established by the public sources reviewed; no inference made,0,,No place-specific public source was reliably tied to this destination in this pass. The shared Google Maps collection URL is not a place-specific listing and is not evidence for this field.,2026-10-04
Palmeral de Las Sorpresas,palmeral-de-las-sorpresas.md,stroller_friendly,Unknown — not established by the public sources reviewed; no inference made,0,,No place-specific public source was reliably tied to this destination in this pass. The shared Google Maps collection URL is not a place-specific listing and is not evidence for this field.,2026-10-04
Palmeral de Las Sorpresas,palmeral-de-las-sorpresas.md,toilets_available,Unknown — not established by the public sources reviewed; no inference made,0,,No place-specific public source was reliably tied to this destination in this pass. The shared Google Maps collection URL is not a place-specific listing and is not evidence for this field.,2026-10-04
Palmeral de Las Sorpresas,palmeral-de-las-sorpresas.md,food_available,Unknown — not established by the public sources reviewed; no inference made,0,,No place-specific public source was reliably tied to this destination in this pass. The shared Google Maps collection URL is not a place-specific listing and is not evidence for this field.,2026-10-04
Palmeral de Las Sorpresas,palmeral-de-las-sorpresas.md,shade_available,Unknown — not established by the public sources reviewed; no inference made,0,,No place-specific public source was reliably tied to this destination in this pass. The shared Google Maps collection URL is not a place-specific listing and is not evidence for this field.,2026-10-04
Palmeral de Las Sorpresas,palmeral-de-las-sorpresas.md,parking_summary,Unknown — not established by the public sources reviewed; no inference made,0,,No place-specific public source was reliably tied to this destination in this pass. The shared Google Maps collection URL is not a place-specific listing and is not evidence for this field.,2026-10-04
Palmeral de Las Sorpresas,palmeral-de-las-sorpresas.md,typical_duration,Unknown — not established by the public sources reviewed; no inference made,0,,No place-specific public source was reliably tied to this destination in this pass. The shared Google Maps collection URL is not a place-specific listing and is not evidence for this field.,2026-10-04
Palmeral de Las Sorpresas,palmeral-de-las-sorpresas.md,family_suitability,Unknown — not established by the public sources reviewed; no inference made,0,,No place-specific public source was reliably tied to this destination in this pass. The shared Google Maps collection URL is not a place-specific listing and is not evidence for this field.,2026-10-04
Palmeral de Las Sorpresas,palmeral-de-las-sorpresas.md,weather_sensitivity,Unknown — not established by the public sources reviewed; no inference made,0,,No place-specific public source was reliably tied to this destination in this pass. The shared Google Maps collection URL is not a place-specific listing and is not evidence for this field.,2026-10-04
Palmeral de Las Sorpresas,palmeral-de-las-sorpresas.md,booking_requirements,Unknown — not established by the public sources reviewed; no inference made,0,,No place-specific public source was reliably tied to this destination in this pass. The shared Google Maps collection URL is not a place-specific listing and is not evidence for this field.,2026-10-04
Palmeral de Las Sorpresas,palmeral-de-las-sorpresas.md,activity_tags,Unknown — not established by the public sources reviewed; no inference made,0,,No place-specific public source was reliably tied to this destination in this pass. The shared Google Maps collection URL is not a place-specific listing and is not evidence for this field.,2026-10-04
PASARELA DE RELLEU,pasarela-de-relleu.md,accessibility,Unknown — not established by the public sources reviewed; no inference made,0,,No place-specific public source was reliably tied to this destination in this pass. The shared Google Maps collection URL is not a place-specific listing and is not evidence for this field.,2026-10-04
PASARELA DE RELLEU,pasarela-de-relleu.md,wheelchair_friendly,Unknown — not established by the public sources reviewed; no inference made,0,,No place-specific public source was reliably tied to this destination in this pass. The shared Google Maps collection URL is not a place-specific listing and is not evidence for this field.,2026-10-04
PASARELA DE RELLEU,pasarela-de-relleu.md,stroller_friendly,Unknown — not established by the public sources reviewed; no inference made,0,,No place-specific public source was reliably tied to this destination in this pass. The shared Google Maps collection URL is not a place-specific listing and is not evidence for this field.,2026-10-04
PASARELA DE RELLEU,pasarela-de-relleu.md,toilets_available,Unknown — not established by the public sources reviewed; no inference made,0,,No place-specific public source was reliably tied to this destination in this pass. The shared Google Maps collection URL is not a place-specific listing and is not evidence for this field.,2026-10-04
PASARELA DE RELLEU,pasarela-de-relleu.md,food_available,Unknown — not established by the public sources reviewed; no inference made,0,,No place-specific public source was reliably tied to this destination in this pass. The shared Google Maps collection URL is not a place-specific listing and is not evidence for this field.,2026-10-04
PASARELA DE RELLEU,pasarela-de-relleu.md,shade_available,Unknown — not established by the public sources reviewed; no inference made,0,,No place-specific public source was reliably tied to this destination in this pass. The shared Google Maps collection URL is not a place-specific listing and is not evidence for this field.,2026-10-04
PASARELA DE RELLEU,pasarela-de-relleu.md,parking_summary,Unknown — not established by the public sources reviewed; no inference made,0,,No place-specific public source was reliably tied to this destination in this pass. The shared Google Maps collection URL is not a place-specific listing and is not evidence for this field.,2026-10-04
PASARELA DE RELLEU,pasarela-de-relleu.md,typical_duration,Unknown — not established by the public sources reviewed; no inference made,0,,No place-specific public source was reliably tied to this destination in this pass. The shared Google Maps collection URL is not a place-specific listing and is not evidence for this field.,2026-10-04
PASARELA DE RELLEU,pasarela-de-relleu.md,family_suitability,Unknown — not established by the public sources reviewed; no inference made,0,,No place-specific public source was reliably tied to this destination in this pass. The shared Google Maps collection URL is not a place-specific listing and is not evidence for this field.,2026-10-04
PASARELA DE RELLEU,pasarela-de-relleu.md,weather_sensitivity,Unknown — not established by the public sources reviewed; no inference made,0,,No place-specific public source was reliably tied to this destination in this pass. The shared Google Maps collection URL is not a place-specific listing and is not evidence for this field.,2026-10-04
PASARELA DE RELLEU,pasarela-de-relleu.md,booking_requirements,Unknown — not established by the public sources reviewed; no inference made,0,,No place-specific public source was reliably tied to this destination in this pass. The shared Google Maps collection URL is not a place-specific listing and is not evidence for this field.,2026-10-04
PASARELA DE RELLEU,pasarela-de-relleu.md,activity_tags,"Provisional existing record tags: Hiking, Adventure, Viewpoint; not independently verified",35,docs/places/pasarela-de-relleu.md; https://maps.app.goo.gl/4cZJ8eRQH47aHH146,"Copied as provisional labels from the existing place record, not treated as verified claims. Confirm identity and controlled tags before use.",2026-10-04
Playa la Malagueta,playa-la-malagueta.md,accessibility,Municipality lists accessible beach access and an assisted-bathing service with amphibious equipment by appointment during published seasonal dates,95,https://www.malaga.eu/la-ciudad/playas/la-malagueta/;https://www.malaga.eu/identidad/detalle-de-la-noticia/Disfruta-la-Playa-2026;https://www.malaga.eu/la-ciudad/playas/servicios-generales/,Research snapshot; volatile facts should be rechecked before guest-facing use.,2026-10-04
Playa la Malagueta,playa-la-malagueta.md,wheelchair_friendly,Unknown — not established by the public sources reviewed; no inference made,0,https://www.malaga.eu/la-ciudad/playas/la-malagueta/;https://www.malaga.eu/identidad/detalle-de-la-noticia/Disfruta-la-Playa-2026;https://www.malaga.eu/la-ciudad/playas/servicios-generales/,Sources listed were reviewed for this destination but do not establish this field; value remains unknown. The shared Google Maps collection URL is not a place-specific listing and is not evidence for this field.,2026-10-04
Playa la Malagueta,playa-la-malagueta.md,stroller_friendly,Unknown — not established by the public sources reviewed; no inference made,0,https://www.malaga.eu/la-ciudad/playas/la-malagueta/;https://www.malaga.eu/identidad/detalle-de-la-noticia/Disfruta-la-Playa-2026;https://www.malaga.eu/la-ciudad/playas/servicios-generales/,Sources listed were reviewed for this destination but do not establish this field; value remains unknown. The shared Google Maps collection URL is not a place-specific listing and is not evidence for this field.,2026-10-04
Playa la Malagueta,playa-la-malagueta.md,toilets_available,Municipal beach page lists toilets; public beach services can vary seasonally,90,https://www.malaga.eu/la-ciudad/playas/la-malagueta/;https://www.malaga.eu/identidad/detalle-de-la-noticia/Disfruta-la-Playa-2026;https://www.malaga.eu/la-ciudad/playas/servicios-generales/,Research snapshot; volatile facts should be rechecked before guest-facing use.,2026-10-04
Playa la Malagueta,playa-la-malagueta.md,food_available,Municipal page states varied food offer along promenade,90,https://www.malaga.eu/la-ciudad/playas/la-malagueta/;https://www.malaga.eu/identidad/detalle-de-la-noticia/Disfruta-la-Playa-2026;https://www.malaga.eu/la-ciudad/playas/servicios-generales/,Research snapshot; volatile facts should be rechecked before guest-facing use.,2026-10-04
Playa la Malagueta,playa-la-malagueta.md,shade_available,Unknown — not established by the public sources reviewed; no inference made,0,https://www.malaga.eu/la-ciudad/playas/la-malagueta/;https://www.malaga.eu/identidad/detalle-de-la-noticia/Disfruta-la-Playa-2026;https://www.malaga.eu/la-ciudad/playas/servicios-generales/,Sources listed were reviewed for this destination but do not establish this field; value remains unknown. The shared Google Maps collection URL is not a place-specific listing and is not evidence for this field.,2026-10-04
Playa la Malagueta,playa-la-malagueta.md,parking_summary,"Municipal page lists parking service, but current capacity/cost not established",60,https://www.malaga.eu/la-ciudad/playas/la-malagueta/;https://www.malaga.eu/identidad/detalle-de-la-noticia/Disfruta-la-Playa-2026;https://www.malaga.eu/la-ciudad/playas/servicios-generales/,Research snapshot; volatile facts should be rechecked before guest-facing use.,2026-10-04
Playa la Malagueta,playa-la-malagueta.md,typical_duration,Unknown — not established by the public sources reviewed; no inference made,0,https://www.malaga.eu/la-ciudad/playas/la-malagueta/;https://www.malaga.eu/identidad/detalle-de-la-noticia/Disfruta-la-Playa-2026;https://www.malaga.eu/la-ciudad/playas/servicios-generales/,Sources listed were reviewed for this destination but do not establish this field; value remains unknown. The shared Google Maps collection URL is not a place-specific listing and is not evidence for this field.,2026-10-04
Playa la Malagueta,playa-la-malagueta.md,family_suitability,"Municipal page lists gentle waves, playground and urban beach services; suitability remains conditions-dependent",80,https://www.malaga.eu/la-ciudad/playas/la-malagueta/;https://www.malaga.eu/identidad/detalle-de-la-noticia/Disfruta-la-Playa-2026;https://www.malaga.eu/la-ciudad/playas/servicios-generales/,Research snapshot; volatile facts should be rechecked before guest-facing use.,2026-10-04
Playa la Malagueta,playa-la-malagueta.md,weather_sensitivity,Beach use depends on sea/weather conditions; municipal services are seasonal,85,https://www.malaga.eu/la-ciudad/playas/la-malagueta/;https://www.malaga.eu/identidad/detalle-de-la-noticia/Disfruta-la-Playa-2026;https://www.malaga.eu/la-ciudad/playas/servicios-generales/,Research snapshot; volatile facts should be rechecked before guest-facing use.,2026-10-04
Playa la Malagueta,playa-la-malagueta.md,booking_requirements,Unknown — not established by the public sources reviewed; no inference made,0,https://www.malaga.eu/la-ciudad/playas/la-malagueta/;https://www.malaga.eu/identidad/detalle-de-la-noticia/Disfruta-la-Playa-2026;https://www.malaga.eu/la-ciudad/playas/servicios-generales/,Sources listed were reviewed for this destination but do not establish this field; value remains unknown. The shared Google Maps collection URL is not a place-specific listing and is not evidence for this field.,2026-10-04
Playa la Malagueta,playa-la-malagueta.md,activity_tags,Provisional existing record tags: Beach; not independently verified,35,docs/places/playa-la-malagueta.md; https://maps.app.goo.gl/4cZJ8eRQH47aHH146,"Copied as provisional labels from the existing place record, not treated as verified claims. Confirm identity and controlled tags before use.",2026-10-04
Roca Foradada,roca-foradada.md,accessibility,Unknown — not established by the public sources reviewed; no inference made,0,,No place-specific public source was reliably tied to this destination in this pass. The shared Google Maps collection URL is not a place-specific listing and is not evidence for this field.,2026-10-04
Roca Foradada,roca-foradada.md,wheelchair_friendly,Unknown — not established by the public sources reviewed; no inference made,0,,No place-specific public source was reliably tied to this destination in this pass. The shared Google Maps collection URL is not a place-specific listing and is not evidence for this field.,2026-10-04
Roca Foradada,roca-foradada.md,stroller_friendly,Unknown — not established by the public sources reviewed; no inference made,0,,No place-specific public source was reliably tied to this destination in this pass. The shared Google Maps collection URL is not a place-specific listing and is not evidence for this field.,2026-10-04
Roca Foradada,roca-foradada.md,toilets_available,Unknown — not established by the public sources reviewed; no inference made,0,,No place-specific public source was reliably tied to this destination in this pass. The shared Google Maps collection URL is not a place-specific listing and is not evidence for this field.,2026-10-04
Roca Foradada,roca-foradada.md,food_available,Unknown — not established by the public sources reviewed; no inference made,0,,No place-specific public source was reliably tied to this destination in this pass. The shared Google Maps collection URL is not a place-specific listing and is not evidence for this field.,2026-10-04
Roca Foradada,roca-foradada.md,shade_available,Unknown — not established by the public sources reviewed; no inference made,0,,No place-specific public source was reliably tied to this destination in this pass. The shared Google Maps collection URL is not a place-specific listing and is not evidence for this field.,2026-10-04
Roca Foradada,roca-foradada.md,parking_summary,Unknown — not established by the public sources reviewed; no inference made,0,,No place-specific public source was reliably tied to this destination in this pass. The shared Google Maps collection URL is not a place-specific listing and is not evidence for this field.,2026-10-04
Roca Foradada,roca-foradada.md,typical_duration,Unknown — not established by the public sources reviewed; no inference made,0,,No place-specific public source was reliably tied to this destination in this pass. The shared Google Maps collection URL is not a place-specific listing and is not evidence for this field.,2026-10-04
Roca Foradada,roca-foradada.md,family_suitability,Unknown — not established by the public sources reviewed; no inference made,0,,No place-specific public source was reliably tied to this destination in this pass. The shared Google Maps collection URL is not a place-specific listing and is not evidence for this field.,2026-10-04
Roca Foradada,roca-foradada.md,weather_sensitivity,Unknown — not established by the public sources reviewed; no inference made,0,,No place-specific public source was reliably tied to this destination in this pass. The shared Google Maps collection URL is not a place-specific listing and is not evidence for this field.,2026-10-04
Roca Foradada,roca-foradada.md,booking_requirements,Unknown — not established by the public sources reviewed; no inference made,0,,No place-specific public source was reliably tied to this destination in this pass. The shared Google Maps collection URL is not a place-specific listing and is not evidence for this field.,2026-10-04
Roca Foradada,roca-foradada.md,activity_tags,"Provisional existing record tags: Nature, Viewpoint; not independently verified",35,docs/places/roca-foradada.md; https://maps.app.goo.gl/4cZJ8eRQH47aHH146,"Copied as provisional labels from the existing place record, not treated as verified claims. Confirm identity and controlled tags before use.",2026-10-04
Ronda,ronda.md,accessibility,Town-wide accessible routing not established. New Tajo gorge walk has a descending route; obtain route-specific access details before recommending to reduced-mobility visitors.,55,https://info.turismoderonda.es/;https://ayuntamientoronda.es/el-ayuntamiento-de-ronda-crea-un-centro-de-recepcion-de-visitantes-en-la-salida-del-camino-del-desfiladero-del-tajo/,Research snapshot; volatile facts should be rechecked before guest-facing use.,2026-10-04
Ronda,ronda.md,wheelchair_friendly,Unknown — not established by the public sources reviewed; no inference made,0,https://info.turismoderonda.es/;https://ayuntamientoronda.es/el-ayuntamiento-de-ronda-crea-un-centro-de-recepcion-de-visitantes-en-la-salida-del-camino-del-desfiladero-del-tajo/,Sources listed were reviewed for this destination but do not establish this field; value remains unknown. The shared Google Maps collection URL is not a place-specific listing and is not evidence for this field.,2026-10-04
Ronda,ronda.md,stroller_friendly,Unknown — not established by the public sources reviewed; no inference made,0,https://info.turismoderonda.es/;https://ayuntamientoronda.es/el-ayuntamiento-de-ronda-crea-un-centro-de-recepcion-de-visitantes-en-la-salida-del-camino-del-desfiladero-del-tajo/,Sources listed were reviewed for this destination but do not establish this field; value remains unknown. The shared Google Maps collection URL is not a place-specific listing and is not evidence for this field.,2026-10-04
Ronda,ronda.md,toilets_available,Unknown — not established by the public sources reviewed; no inference made,0,https://info.turismoderonda.es/;https://ayuntamientoronda.es/el-ayuntamiento-de-ronda-crea-un-centro-de-recepcion-de-visitantes-en-la-salida-del-camino-del-desfiladero-del-tajo/,Sources listed were reviewed for this destination but do not establish this field; value remains unknown. The shared Google Maps collection URL is not a place-specific listing and is not evidence for this field.,2026-10-04
Ronda,ronda.md,food_available,Unknown — not established by the public sources reviewed; no inference made,0,https://info.turismoderonda.es/;https://ayuntamientoronda.es/el-ayuntamiento-de-ronda-crea-un-centro-de-recepcion-de-visitantes-en-la-salida-del-camino-del-desfiladero-del-tajo/,Sources listed were reviewed for this destination but do not establish this field; value remains unknown. The shared Google Maps collection URL is not a place-specific listing and is not evidence for this field.,2026-10-04
Ronda,ronda.md,shade_available,Unknown — not established by the public sources reviewed; no inference made,0,https://info.turismoderonda.es/;https://ayuntamientoronda.es/el-ayuntamiento-de-ronda-crea-un-centro-de-recepcion-de-visitantes-en-la-salida-del-camino-del-desfiladero-del-tajo/,Sources listed were reviewed for this destination but do not establish this field; value remains unknown. The shared Google Maps collection URL is not a place-specific listing and is not evidence for this field.,2026-10-04
Ronda,ronda.md,parking_summary,Unknown — not established by the public sources reviewed; no inference made,0,https://info.turismoderonda.es/;https://ayuntamientoronda.es/el-ayuntamiento-de-ronda-crea-un-centro-de-recepcion-de-visitantes-en-la-salida-del-camino-del-desfiladero-del-tajo/,Sources listed were reviewed for this destination but do not establish this field; value remains unknown. The shared Google Maps collection URL is not a place-specific listing and is not evidence for this field.,2026-10-04
Ronda,ronda.md,typical_duration,No official recommended duration for visiting the town established,0,https://info.turismoderonda.es/;https://ayuntamientoronda.es/el-ayuntamiento-de-ronda-crea-un-centro-de-recepcion-de-visitantes-en-la-salida-del-camino-del-desfiladero-del-tajo/,Sources listed were reviewed for this destination but do not establish this field; value remains unknown. The shared Google Maps collection URL is not a place-specific listing and is not evidence for this field.,2026-10-04
Ronda,ronda.md,family_suitability,Unknown — not established by the public sources reviewed; no inference made,0,https://info.turismoderonda.es/;https://ayuntamientoronda.es/el-ayuntamiento-de-ronda-crea-un-centro-de-recepcion-de-visitantes-en-la-salida-del-camino-del-desfiladero-del-tajo/,Sources listed were reviewed for this destination but do not establish this field; value remains unknown. The shared Google Maps collection URL is not a place-specific listing and is not evidence for this field.,2026-10-04
Ronda,ronda.md,weather_sensitivity,Unknown — not established by the public sources reviewed; no inference made,0,https://info.turismoderonda.es/;https://ayuntamientoronda.es/el-ayuntamiento-de-ronda-crea-un-centro-de-recepcion-de-visitantes-en-la-salida-del-camino-del-desfiladero-del-tajo/,Sources listed were reviewed for this destination but do not establish this field; value remains unknown. The shared Google Maps collection URL is not a place-specific listing and is not evidence for this field.,2026-10-04
Ronda,ronda.md,booking_requirements,Unknown — not established by the public sources reviewed; no inference made,0,https://info.turismoderonda.es/;https://ayuntamientoronda.es/el-ayuntamiento-de-ronda-crea-un-centro-de-recepcion-de-visitantes-en-la-salida-del-camino-del-desfiladero-del-tajo/,Sources listed were reviewed for this destination but do not establish this field; value remains unknown. The shared Google Maps collection URL is not a place-specific listing and is not evidence for this field.,2026-10-04
Ronda,ronda.md,activity_tags,Historic town; Viewpoint; Nature; Full day,80,https://info.turismoderonda.es/;https://ayuntamientoronda.es/el-ayuntamiento-de-ronda-crea-un-centro-de-recepcion-de-visitantes-en-la-salida-del-camino-del-desfiladero-del-tajo/,Research snapshot; volatile facts should be rechecked before guest-facing use.,2026-10-04
Salt de la Coromina,salt-de-la-coromina.md,accessibility,Unknown — not established by the public sources reviewed; no inference made,0,,No place-specific public source was reliably tied to this destination in this pass. The shared Google Maps collection URL is not a place-specific listing and is not evidence for this field.,2026-10-04
Salt de la Coromina,salt-de-la-coromina.md,wheelchair_friendly,Unknown — not established by the public sources reviewed; no inference made,0,,No place-specific public source was reliably tied to this destination in this pass. The shared Google Maps collection URL is not a place-specific listing and is not evidence for this field.,2026-10-04
Salt de la Coromina,salt-de-la-coromina.md,stroller_friendly,Unknown — not established by the public sources reviewed; no inference made,0,,No place-specific public source was reliably tied to this destination in this pass. The shared Google Maps collection URL is not a place-specific listing and is not evidence for this field.,2026-10-04
Salt de la Coromina,salt-de-la-coromina.md,toilets_available,Unknown — not established by the public sources reviewed; no inference made,0,,No place-specific public source was reliably tied to this destination in this pass. The shared Google Maps collection URL is not a place-specific listing and is not evidence for this field.,2026-10-04
Salt de la Coromina,salt-de-la-coromina.md,food_available,Unknown — not established by the public sources reviewed; no inference made,0,,No place-specific public source was reliably tied to this destination in this pass. The shared Google Maps collection URL is not a place-specific listing and is not evidence for this field.,2026-10-04
Salt de la Coromina,salt-de-la-coromina.md,shade_available,Unknown — not established by the public sources reviewed; no inference made,0,,No place-specific public source was reliably tied to this destination in this pass. The shared Google Maps collection URL is not a place-specific listing and is not evidence for this field.,2026-10-04
Salt de la Coromina,salt-de-la-coromina.md,parking_summary,Unknown — not established by the public sources reviewed; no inference made,0,,No place-specific public source was reliably tied to this destination in this pass. The shared Google Maps collection URL is not a place-specific listing and is not evidence for this field.,2026-10-04
Salt de la Coromina,salt-de-la-coromina.md,typical_duration,Unknown — not established by the public sources reviewed; no inference made,0,,No place-specific public source was reliably tied to this destination in this pass. The shared Google Maps collection URL is not a place-specific listing and is not evidence for this field.,2026-10-04
Salt de la Coromina,salt-de-la-coromina.md,family_suitability,Unknown — not established by the public sources reviewed; no inference made,0,,No place-specific public source was reliably tied to this destination in this pass. The shared Google Maps collection URL is not a place-specific listing and is not evidence for this field.,2026-10-04
Salt de la Coromina,salt-de-la-coromina.md,weather_sensitivity,Unknown — not established by the public sources reviewed; no inference made,0,,No place-specific public source was reliably tied to this destination in this pass. The shared Google Maps collection URL is not a place-specific listing and is not evidence for this field.,2026-10-04
Salt de la Coromina,salt-de-la-coromina.md,booking_requirements,Unknown — not established by the public sources reviewed; no inference made,0,,No place-specific public source was reliably tied to this destination in this pass. The shared Google Maps collection URL is not a place-specific listing and is not evidence for this field.,2026-10-04
Salt de la Coromina,salt-de-la-coromina.md,activity_tags,"Provisional existing record tags: Nature, Hiking; not independently verified",35,docs/places/salt-de-la-coromina.md; https://maps.app.goo.gl/4cZJ8eRQH47aHH146,"Copied as provisional labels from the existing place record, not treated as verified claims. Confirm identity and controlled tags before use.",2026-10-04
Salt de Sallent,salt-de-sallent.md,accessibility,Hiking trail to waterfall viewpoint; wheelchair accessibility not established and route has uneven natural terrain,75,https://www.rupitpruit.cat/turisme/que-fer/rutes-a-peu/2-itinerari-del-salt-del-sallent.html,Research snapshot; volatile facts should be rechecked before guest-facing use.,2026-10-04
Salt de Sallent,salt-de-sallent.md,wheelchair_friendly,Unknown — not established by the public sources reviewed; no inference made,0,https://www.rupitpruit.cat/turisme/que-fer/rutes-a-peu/2-itinerari-del-salt-del-sallent.html,Sources listed were reviewed for this destination but do not establish this field; value remains unknown. The shared Google Maps collection URL is not a place-specific listing and is not evidence for this field.,2026-10-04
Salt de Sallent,salt-de-sallent.md,stroller_friendly,Unknown — not established by the public sources reviewed; no inference made,0,https://www.rupitpruit.cat/turisme/que-fer/rutes-a-peu/2-itinerari-del-salt-del-sallent.html,Sources listed were reviewed for this destination but do not establish this field; value remains unknown. The shared Google Maps collection URL is not a place-specific listing and is not evidence for this field.,2026-10-04
Salt de Sallent,salt-de-sallent.md,toilets_available,Unknown — not established by the public sources reviewed; no inference made,0,https://www.rupitpruit.cat/turisme/que-fer/rutes-a-peu/2-itinerari-del-salt-del-sallent.html,Sources listed were reviewed for this destination but do not establish this field; value remains unknown. The shared Google Maps collection URL is not a place-specific listing and is not evidence for this field.,2026-10-04
Salt de Sallent,salt-de-sallent.md,food_available,Unknown — not established by the public sources reviewed; no inference made,0,https://www.rupitpruit.cat/turisme/que-fer/rutes-a-peu/2-itinerari-del-salt-del-sallent.html,Sources listed were reviewed for this destination but do not establish this field; value remains unknown. The shared Google Maps collection URL is not a place-specific listing and is not evidence for this field.,2026-10-04
Salt de Sallent,salt-de-sallent.md,shade_available,Unknown — not established by the public sources reviewed; no inference made,0,https://www.rupitpruit.cat/turisme/que-fer/rutes-a-peu/2-itinerari-del-salt-del-sallent.html,Sources listed were reviewed for this destination but do not establish this field; value remains unknown. The shared Google Maps collection URL is not a place-specific listing and is not evidence for this field.,2026-10-04
Salt de Sallent,salt-de-sallent.md,parking_summary,Unknown — not established by the public sources reviewed; no inference made,0,https://www.rupitpruit.cat/turisme/que-fer/rutes-a-peu/2-itinerari-del-salt-del-sallent.html,Sources listed were reviewed for this destination but do not establish this field; value remains unknown. The shared Google Maps collection URL is not a place-specific listing and is not evidence for this field.,2026-10-04
Salt de Sallent,salt-de-sallent.md,typical_duration,Official Rupit route: 3 km and about 1 h 15 min return on the same path; 2 h using the alternate return,95,https://www.rupitpruit.cat/turisme/que-fer/rutes-a-peu/2-itinerari-del-salt-del-sallent.html,Research snapshot; volatile facts should be rechecked before guest-facing use.,2026-10-04
Salt de Sallent,salt-de-sallent.md,family_suitability,Unknown — not established by the public sources reviewed; no inference made,0,https://www.rupitpruit.cat/turisme/que-fer/rutes-a-peu/2-itinerari-del-salt-del-sallent.html,Sources listed were reviewed for this destination but do not establish this field; value remains unknown. The shared Google Maps collection URL is not a place-specific listing and is not evidence for this field.,2026-10-04
Salt de Sallent,salt-de-sallent.md,weather_sensitivity,Waterfall volume and trail conditions vary with rainfall; official page does not quantify seasonal restrictions,55,https://www.rupitpruit.cat/turisme/que-fer/rutes-a-peu/2-itinerari-del-salt-del-sallent.html,Research snapshot; volatile facts should be rechecked before guest-facing use.,2026-10-04
Salt de Sallent,salt-de-sallent.md,booking_requirements,Unknown — not established by the public sources reviewed; no inference made,0,https://www.rupitpruit.cat/turisme/que-fer/rutes-a-peu/2-itinerari-del-salt-del-sallent.html,Sources listed were reviewed for this destination but do not establish this field; value remains unknown. The shared Google Maps collection URL is not a place-specific listing and is not evidence for this field.,2026-10-04
Salt de Sallent,salt-de-sallent.md,activity_tags,Nature; Hiking; Viewpoint; Half day,90,https://www.rupitpruit.cat/turisme/que-fer/rutes-a-peu/2-itinerari-del-salt-del-sallent.html,Research snapshot; volatile facts should be rechecked before guest-facing use.,2026-10-04
Selwo Aventura,selwo-aventura.md,accessibility,"Some routes have barrier-free alternatives, but natural-valley gradients can be steep; non-electric wheelchair users may need assistance. Mobility scooter rental listed.",95,https://www.selwo.es/descubre-selwo-aventura/servicios;https://www.selwo.es/horarios-y-precios/horarios,Research snapshot; volatile facts should be rechecked before guest-facing use.,2026-10-04
Selwo Aventura,selwo-aventura.md,wheelchair_friendly,Unknown — not established by the public sources reviewed; no inference made,0,https://www.selwo.es/descubre-selwo-aventura/servicios;https://www.selwo.es/horarios-y-precios/horarios,Sources listed were reviewed for this destination but do not establish this field; value remains unknown. The shared Google Maps collection URL is not a place-specific listing and is not evidence for this field.,2026-10-04
Selwo Aventura,selwo-aventura.md,stroller_friendly,Unknown — not established by the public sources reviewed; no inference made,0,https://www.selwo.es/descubre-selwo-aventura/servicios;https://www.selwo.es/horarios-y-precios/horarios,Sources listed were reviewed for this destination but do not establish this field; value remains unknown. The shared Google Maps collection URL is not a place-specific listing and is not evidence for this field.,2026-10-04
Selwo Aventura,selwo-aventura.md,toilets_available,Accessible toilets and baby-changing facilities listed by venue,95,https://www.selwo.es/descubre-selwo-aventura/servicios;https://www.selwo.es/horarios-y-precios/horarios,Research snapshot; volatile facts should be rechecked before guest-facing use.,2026-10-04
Selwo Aventura,selwo-aventura.md,food_available,Unknown from cited service page,0,https://www.selwo.es/descubre-selwo-aventura/servicios;https://www.selwo.es/horarios-y-precios/horarios,Sources listed were reviewed for this destination but do not establish this field; value remains unknown. The shared Google Maps collection URL is not a place-specific listing and is not evidence for this field.,2026-10-04
Selwo Aventura,selwo-aventura.md,shade_available,Unknown — not established by the public sources reviewed; no inference made,0,https://www.selwo.es/descubre-selwo-aventura/servicios;https://www.selwo.es/horarios-y-precios/horarios,Sources listed were reviewed for this destination but do not establish this field; value remains unknown. The shared Google Maps collection URL is not a place-specific listing and is not evidence for this field.,2026-10-04
Selwo Aventura,selwo-aventura.md,parking_summary,Unknown — not established by the public sources reviewed; no inference made,0,https://www.selwo.es/descubre-selwo-aventura/servicios;https://www.selwo.es/horarios-y-precios/horarios,Sources listed were reviewed for this destination but do not establish this field; value remains unknown. The shared Google Maps collection URL is not a place-specific listing and is not evidence for this field.,2026-10-04
Selwo Aventura,selwo-aventura.md,typical_duration,Unknown; venue sources consulted do not state an expected duration,0,https://www.selwo.es/descubre-selwo-aventura/servicios;https://www.selwo.es/horarios-y-precios/horarios,Sources listed were reviewed for this destination but do not establish this field; value remains unknown. The shared Google Maps collection URL is not a place-specific listing and is not evidence for this field.,2026-10-04
Selwo Aventura,selwo-aventura.md,family_suitability,Unknown — not established by the public sources reviewed; no inference made,0,https://www.selwo.es/descubre-selwo-aventura/servicios;https://www.selwo.es/horarios-y-precios/horarios,Sources listed were reviewed for this destination but do not establish this field; value remains unknown. The shared Google Maps collection URL is not a place-specific listing and is not evidence for this field.,2026-10-04
Selwo Aventura,selwo-aventura.md,weather_sensitivity,Weather/operations can change opening hours and activity availability,85,https://www.selwo.es/descubre-selwo-aventura/servicios;https://www.selwo.es/horarios-y-precios/horarios,Research snapshot; volatile facts should be rechecked before guest-facing use.,2026-10-04
Selwo Aventura,selwo-aventura.md,booking_requirements,Unknown — not established by the public sources reviewed; no inference made,0,https://www.selwo.es/descubre-selwo-aventura/servicios;https://www.selwo.es/horarios-y-precios/horarios,Sources listed were reviewed for this destination but do not establish this field; value remains unknown. The shared Google Maps collection URL is not a place-specific listing and is not evidence for this field.,2026-10-04
Selwo Aventura,selwo-aventura.md,activity_tags,Unknown — not established by the public sources reviewed; no inference made,0,https://www.selwo.es/descubre-selwo-aventura/servicios;https://www.selwo.es/horarios-y-precios/horarios,Sources listed were reviewed for this destination but do not establish this field; value remains unknown. The shared Google Maps collection URL is not a place-specific listing and is not evidence for this field.,2026-10-04
Zahara de la Sierra,zahara-de-la-sierra.md,accessibility,Town-wide route accessibility and monument approach not established by cited municipal tourism page,0,https://www.zaharadelasierra.es/turismo-zahara,Sources listed were reviewed for this destination but do not establish this field; value remains unknown. The shared Google Maps collection URL is not a place-specific listing and is not evidence for this field.,2026-10-04
Zahara de la Sierra,zahara-de-la-sierra.md,wheelchair_friendly,Unknown — not established by the public sources reviewed; no inference made,0,https://www.zaharadelasierra.es/turismo-zahara,Sources listed were reviewed for this destination but do not establish this field; value remains unknown. The shared Google Maps collection URL is not a place-specific listing and is not evidence for this field.,2026-10-04
Zahara de la Sierra,zahara-de-la-sierra.md,stroller_friendly,Unknown — not established by the public sources reviewed; no inference made,0,https://www.zaharadelasierra.es/turismo-zahara,Sources listed were reviewed for this destination but do not establish this field; value remains unknown. The shared Google Maps collection URL is not a place-specific listing and is not evidence for this field.,2026-10-04
Zahara de la Sierra,zahara-de-la-sierra.md,toilets_available,Unknown — not established by the public sources reviewed; no inference made,0,https://www.zaharadelasierra.es/turismo-zahara,Sources listed were reviewed for this destination but do not establish this field; value remains unknown. The shared Google Maps collection URL is not a place-specific listing and is not evidence for this field.,2026-10-04
Zahara de la Sierra,zahara-de-la-sierra.md,food_available,Unknown — not established by the public sources reviewed; no inference made,0,https://www.zaharadelasierra.es/turismo-zahara,Sources listed were reviewed for this destination but do not establish this field; value remains unknown. The shared Google Maps collection URL is not a place-specific listing and is not evidence for this field.,2026-10-04
Zahara de la Sierra,zahara-de-la-sierra.md,shade_available,Unknown — not established by the public sources reviewed; no inference made,0,https://www.zaharadelasierra.es/turismo-zahara,Sources listed were reviewed for this destination but do not establish this field; value remains unknown. The shared Google Maps collection URL is not a place-specific listing and is not evidence for this field.,2026-10-04
Zahara de la Sierra,zahara-de-la-sierra.md,parking_summary,Unknown — not established by the public sources reviewed; no inference made,0,https://www.zaharadelasierra.es/turismo-zahara,Sources listed were reviewed for this destination but do not establish this field; value remains unknown. The shared Google Maps collection URL is not a place-specific listing and is not evidence for this field.,2026-10-04
Zahara de la Sierra,zahara-de-la-sierra.md,typical_duration,Unknown; municipal tourism page does not publish a suggested duration,0,https://www.zaharadelasierra.es/turismo-zahara,Sources listed were reviewed for this destination but do not establish this field; value remains unknown. The shared Google Maps collection URL is not a place-specific listing and is not evidence for this field.,2026-10-04
Zahara de la Sierra,zahara-de-la-sierra.md,family_suitability,Unknown — not established by the public sources reviewed; no inference made,0,https://www.zaharadelasierra.es/turismo-zahara,Sources listed were reviewed for this destination but do not establish this field; value remains unknown. The shared Google Maps collection URL is not a place-specific listing and is not evidence for this field.,2026-10-04
Zahara de la Sierra,zahara-de-la-sierra.md,weather_sensitivity,Unknown — not established by the public sources reviewed; no inference made,0,https://www.zaharadelasierra.es/turismo-zahara,Sources listed were reviewed for this destination but do not establish this field; value remains unknown. The shared Google Maps collection URL is not a place-specific listing and is not evidence for this field.,2026-10-04
Zahara de la Sierra,zahara-de-la-sierra.md,booking_requirements,Unknown — not established by the public sources reviewed; no inference made,0,https://www.zaharadelasierra.es/turismo-zahara,Sources listed were reviewed for this destination but do not establish this field; value remains unknown. The shared Google Maps collection URL is not a place-specific listing and is not evidence for this field.,2026-10-04
Zahara de la Sierra,zahara-de-la-sierra.md,activity_tags,Unknown — not established by the public sources reviewed; no inference made,0,https://www.zaharadelasierra.es/turismo-zahara,Sources listed were reviewed for this destination but do not establish this field; value remains unknown. The shared Google Maps collection URL is not a place-specific listing and is not evidence for this field.,2026-10-04
Zumaia,zumaia.md,accessibility,Unknown — not established by the public sources reviewed; no inference made,0,,No place-specific public source was reliably tied to this destination in this pass. The shared Google Maps collection URL is not a place-specific listing and is not evidence for this field.,2026-10-04
Zumaia,zumaia.md,wheelchair_friendly,Unknown — not established by the public sources reviewed; no inference made,0,,No place-specific public source was reliably tied to this destination in this pass. The shared Google Maps collection URL is not a place-specific listing and is not evidence for this field.,2026-10-04
Zumaia,zumaia.md,stroller_friendly,Unknown — not established by the public sources reviewed; no inference made,0,,No place-specific public source was reliably tied to this destination in this pass. The shared Google Maps collection URL is not a place-specific listing and is not evidence for this field.,2026-10-04
Zumaia,zumaia.md,toilets_available,Unknown — not established by the public sources reviewed; no inference made,0,,No place-specific public source was reliably tied to this destination in this pass. The shared Google Maps collection URL is not a place-specific listing and is not evidence for this field.,2026-10-04
Zumaia,zumaia.md,food_available,Unknown — not established by the public sources reviewed; no inference made,0,,No place-specific public source was reliably tied to this destination in this pass. The shared Google Maps collection URL is not a place-specific listing and is not evidence for this field.,2026-10-04
Zumaia,zumaia.md,shade_available,Unknown — not established by the public sources reviewed; no inference made,0,,No place-specific public source was reliably tied to this destination in this pass. The shared Google Maps collection URL is not a place-specific listing and is not evidence for this field.,2026-10-04
Zumaia,zumaia.md,parking_summary,Unknown — not established by the public sources reviewed; no inference made,0,,No place-specific public source was reliably tied to this destination in this pass. The shared Google Maps collection URL is not a place-specific listing and is not evidence for this field.,2026-10-04
Zumaia,zumaia.md,typical_duration,Unknown — not established by the public sources reviewed; no inference made,0,,No place-specific public source was reliably tied to this destination in this pass. The shared Google Maps collection URL is not a place-specific listing and is not evidence for this field.,2026-10-04
Zumaia,zumaia.md,family_suitability,Unknown — not established by the public sources reviewed; no inference made,0,,No place-specific public source was reliably tied to this destination in this pass. The shared Google Maps collection URL is not a place-specific listing and is not evidence for this field.,2026-10-04
Zumaia,zumaia.md,weather_sensitivity,Unknown — not established by the public sources reviewed; no inference made,0,,No place-specific public source was reliably tied to this destination in this pass. The shared Google Maps collection URL is not a place-specific listing and is not evidence for this field.,2026-10-04
Zumaia,zumaia.md,booking_requirements,Unknown — not established by the public sources reviewed; no inference made,0,,No place-specific public source was reliably tied to this destination in this pass. The shared Google Maps collection URL is not a place-specific listing and is not evidence for this field.,2026-10-04
Zumaia,zumaia.md,activity_tags,Provisional existing record tags: Historic town; not independently verified,35,docs/places/zumaia.md; https://maps.app.goo.gl/4cZJ8eRQH47aHH146,"Copied as provisional labels from the existing place record, not treated as verified claims. Confirm identity and controlled tags before use.",2026-10-04
